PDBchain1,ORF
P61829,Q0130
Q07457,YDL074C
Q05949,YLR226W
P32504,YGR140W
P40969,YMR168C
P53941,YNL075W
Q06147,YLR260W
P38703,YHL003C
P16861,YGR240C
Q12511,YOR090C
P25646,YCR079W
P33401,YKL127W
P37012,YMR105C
Q03262,YMR278W
P53860,YNL231C
P53844,YNL264C
P12383,YGL013C
P33302,YOR153W
P40091,YER149C
P40961,YGR132C
P32854,YOR036W
P27801,YLR148W
P12868,YMR231W
P32609,YDR323C
P53238,YGR058W
P24867,YNL289W
P25693,YDL127W
P40186,YIL050W
P40345,YNR008W
P06169,YLR044C
P16467,YLR134W
P26263,YGR087C
P15873,YBR088C
P42073,YDR195W
P32602,YBL050W
P40510,YIL074C
Q08204,YOL034W
P39990,YEL026W
P36048,YKL173W
P40150,YNL209W
P35177,YBR081C
P22217,YLR043C
Q02794,YOR047C
P13574,YHR084W
P23561,YLR362W
P38198,YBL034C
P38931,YDR443C
Q99385,YDL128W
P04840,YNL055C
P40498,YIL091C
P16140,YBR127C
Q02354,YDR449C
P53276,YGR128C
P40554,YIL008W
P22203,YOR332W
P41807,YPR036W
P25515,YEL027W
P32842,YPL234C
Q08179,YOL027C
P33308,YNR010W
P54199,YDL028C
Q06106,YPR112C
P15424,YDR194C
Q04149,YDR386W
P53204,YGR010W
P23287,YLR433C
P14747,YML057W
P06100,YDL165W
P21957,YHL020C
P54784,YML065W
P08018,YJL128C
P07259,YJL130C
P19541,YPL133C
P21538,YBR049C
Q12188,YPR007C
P53170,YGL059W
P01119,YOR101W
P38086,YBR073W
Q12305,YOR285W
Q08273,YOL133W
P07271,YML061C
P11938,YNL216W
P26755,YJL173C
Q12481,YOR287C
P05759,YLR167W
P39940,YER125W
P38129,YBR198C
P53040,YGL112C
Q05027,YMR236W
P36421,YGR185C
P25623,YCR030C
P32774,YKL058W
P47083,YJR002W
Q02892,YPL093W
Q08920,YPL178W
P40454,YIL153W
P29539,YBR275C
P32908,YFL008W
P00942,YDR050C
Q08581,YOR195W
P53955,YNL047C
P10870,YDL194W
P32600,YKL203C
P18480,YBR289W
P39929,YLR025W
P54867,YOR008C
Q00764,YBR126C
P32802,YLR083C
Q07824,YLL028W
P31688,YDR074W
P27654,YBR067C
Q06160,YLR313C
P0CX53,YEL054C
P13856,YGR152C
Q07794,YLL002W
P40161,YNL206C
P38850,YHR154W
Q03940,YDR190C
Q12464,YPL235W
Q06488,YLR357W
P43609,YFR037C
Q03124,YML127W
P53064,YGL244W
P38165,YBL103C
Q04947,YDR233C
P53043,YGR123C
P21242,YOR362C
P40479,YIL113W
P40505,YIL084C
P40075,YER120W
P40482,YIL109C
P20840,YJR004C
P52870,YER087C-B
P43321,YLR147C
P00445,YJR104C
P33328,YOR327C
P34252,YKL108W
P18888,YHL025W
P32828,YDL013W
P47008,YJL145W
P40072,YER116C
P22213,YDR189W
P32914,YGR063C
P16658,YLR105C
Q00416,YLR430W
P49334,YNL131W
P52286,YDR328C
P53538,YNL222W
P32558,YGL207W
Q03012,YPL138C
Q12038,YPR032W
Q99176,YLR119W
P47002,YJL156C
P54000,YMR039C
Q02805,YOR018W
Q01080,YNL248C
P46669,YOR340C
Q08285,YOL142W
P25443,YGL123W
P03878,Q0065
P35179,YDR086C
P48415,YPL085W
P32897,YNR017W
Q12118,YOR007C
P40032,YER049W
P22082,YOR290C
Q03406,YDR489W
P32383,YPL268W
P32529,YJR063W
Q12749,YLR383W
Q02260,YGR074W
P40485,YIL105C
Q03280,YDR457W
P18410,YAL009W
P10080,YHL034C
P53184,YGL037C
P35999,YKL134C
P38768,YHR034C
P38624,YJL001W
P53942,YNL072W
P25359,YCR035C
P14906,YOR254C
P33332,YER008C
P22803,YGR209C
P39926,YMR183C
P39685,YMR129W
P01120,YNL098C
P43565,YFL033C
P14126,YOR063W
P39743,YDR388W
P11745,YMR235C
P33421,YKL141W
P22138,YPR010C
Q05022,YMR229C
P0C0V8,YKR057W
P17065,YNL272C
Q06677,YDR320C
P09547,YPL016W
P29029,YLR286C
P32797,YDL220C
P19454,YOR061W
P38859,YHR164C
P39676,YGR234W
P32771,YDL168W
P32480,YOR038C
P47171,YJR140C
P38199,YBL032W
P32791,YLR214W
P33734,YBR248C
Q05580,YDR266C
P25364,YCR065W
P15108,YMR186W
P12683,YML075C
P38878,YHR192W
P38801,YHR081W
P47093,YJR022W
Q10740,YNL045W
Q04087,YDR439W
P50107,YML004C
P53281,YGR136W
P43603,YFR024C-A
P53145,YGL099W
Q12176,YDR060W
P22133,YOL126C
Q01662,YLR244C
P38112,YBR142W
P29311,YER177W
P47136,YJR092W
P40450,YIL159W
P53622,YDL145C
P48813,YDR508C
P05986,YKL166C
P32485,YLR113W
P47017,YJL124C
P38203,YBL026W
P57743,YLR438C-A
P40070,YER112W
P40089,YER146W
Q06406,YDR378C
P53905,YNL147W
P25491,YNL064C
P38998,YIR034C
P53051,YGR287C
Q03687,YMR010W
P53296,YGR177C
Q02908,YPL086C
Q04344,YDL125C
P53686,YPL015C
P32481,YER025W
P04807,YGL253W
P32333,YPL082C
P46972,YMR035W
P28239,YMR267W
P42846,YNL308C
Q92325,YOL025W
P25587,YCL005W
P16523,YNL210W
Q12525,YLL062C
P25625,YCR044C
P47180,YJR153W
P36093,YKL043W
Q12144,YLR064W
P51533,YOR328W
P40550,YIL013C
Q02785,YPL058C
Q04182,YDR406W
P32452,YNL316C
P53756,YNR070W
P33200,YBL005W
Q06149,YLR266C
P42841,YNL317W
P53872,YNL190W
P53896,YNL158W
P53903,YNL149C
Q12746,YML125C
Q06608,YPR172W
P50085,YGR231C
Q08959,YPL206C
P40335,YJL053W
P13259,YGR202C
P38075,YBR035C
P22434,YGL248W
P53124,YGL134W
P06776,YOR360C
P38794,YHR071W
P40038,YER059W
Q08966,YPL219W
Q12477,YDL179W
P32896,YDR081C
P53259,YGR101W
P87284,YDR276C
A0A8D9UGZ8,
A0A8D9UGL5,
A0A8D9UGU6,
A0A8D9PCQ1,
A0A8D9PCP9,
A0A8D9PH56,
A0A8D9PCP6,
A0A8D9PCQ4,
A0A8D9UGY5,
A0A8D9PCP4,
A0A8D9PCQ2,
A0A8D9UGQ7,
P41903,YJR019C
P50109,YML017W
P39994,YEL020C
Q12167,YDR065W
P0CX40,YER102W
Q03323,YDR469W
P33330,YOR184W
P53438,YMR016C
P40167,YNL196C
P50278,YNR034W
P32583,YKR092C
P09007,YCR018C
Q12516,YDL133W
P53101,YGL184C
Q08673,YOR247W
Q04673,YLR005W
P38871,YHR184W
Q06524,YPR151C
P53937,YNL081C
P38358,YBR293W
P04803,YDR268W
P40478,YIL114C
Q06679,YDR324C
Q04177,YDR398W
P40055,YER082C
P38882,YHR196W
Q06525,YPR152C
P21373,YJR049C
P32630,YEL035C
P31412,YKL080W
Q12063,YDL193W
P32610,YEL051W
P39111,YGR020C
P48836,YHR039C-A
Q12132,YPL230W
P01149,YPL187W
Q12083,YPL164C
P35198,YDR277C
Q03677,YMR009W
P33749,YKL062W
Q03104,YML128C
P32633,YEL033W
P35719,YKL142W
Q08471,YOR066W
P38795,YHR074W
Q12493,YDR383C
P39682,YML046W
Q12311,YPR031W
P53949,YNL056W
P0CE85,YMR325W
Q12447,YDR071C
P39937,YER007W
P38292,YBR168W
P25611,YCR106W
Q06835,YPR094W
A0A0B7P221,YCL054W-A
P33323,YHR157W
P21651,YJR021C
P32841,YMR133W
Q08742,YOR286W
Q08904,YOR380W
P46999,YJL160C
P04650,YJL189W
P03872,R0040C
Q06407,YDR379W
P12687,YNL005C
P35996,YKL170W
Q04225,YMR131C
P39938,YGL189C
Q04693,YML049C
Q05506,YDR341C
Q05021,YMR227C
P38714,YHR091C
Q03750,YML114C
Q06836,YPR095C
P48527,YPL097W
P04801,YIL078W
Q07395,YDL063C
P07236,YKL194C
P39965,YER087W
P0CD99,YDL247W
Q12404,YOR288C
Q05812,YLR219W
Q03151,YMR097C
P25270,YOR201C
P53081,YGL221C
P40447,YIL164C
P42836,YNL326C
P32800,YJL210W
P40048,YER075C
P54780,YMR121C
P0CX83,YBL027W
P05740,YKL180W
P38711,YHR021C
P38164,YBL104C
P23833,YBR037C
P40054,YER081W
Q03782,YDR240C
P38890,YHR207C
Q06091,YPR101W
Q08457,YOR060C
Q12232,YOR154W
P53251,YGR081C
P46954,YJL089W
Q06177,YLR327C
P42843,YNL311C
P53099,YGL186C
Q04562,YDR107C
P53283,YGR138C
P40071,YER113C
Q06451,YPR156C
Q12256,YOR273C
P36029,YKL174C
P33891,YGL145W
P38426,YMR261C
Q03796,YMR156C
Q12199,YPR040W
P10863,YER011W
P33890,YOR010C
P40552,YIL011W
Q12116,YDR105C
Q12218,YOR009W
P32643,YER175C
Q03868,YDR104C
P40031,YER046W
Q07798,YLL005C
Q06134,YLR341W
P32611,YEL050C
Q04712,YML043C
P04449,YGL031C
P05747,YFR032C-A
P05737,YGL076C
P40018,YER029C
P17558,YOR158W
Q08932,YPL193W
Q05942,YLR221C
Q08417,YOR049C
Q03201,YDR041W
P53732,YNR036C
P12686,YGR084C
P53236,YGR056W
P38781,YHR056C
Q06639,YDR303C
Q02206,YKR008W
Q07979,YLR033W
P25632,YCR052W
P10662,YDR347W
P32832,YMR091C
P10663,YPR166C
Q02608,YPL013C
Q05900,YLR298C
P32902,YHL004W
Q03246,YMR188C
P33759,YBR251W
P28778,YKL003C
Q08963,YPL213W
P36056,YKL155C
P42847,YNL306W
P53733,YNR037C
P47150,YJR113C
P38175,YBL090W
Q03799,YMR158W
Q03919,YDR139C
P38120,YBR146W
P53330,YGR275W
Q05543,YDR289C
Q01163,YGL129C
P40063,YER104W
Q03976,YDR175C
P32607,YOL067C
P32608,YGL252C
Q12100,YDL025C
P40496,YIL093C
Q12234,YOR216C
P47141,YJR101W
P53305,YGR215W
P21771,YDR337W
P19955,YFR049W
Q12443,YDL204W
P39678,YDL056W
Q08972,YPL226W
P40155,YNL214W
P52867,YDL093W
P19657,YPL036W
Q04004,YDR183W
Q03760,YML107C
P07283,YFL045C
P24384,YER013W
P49960,YMR268C
P39955,YER047C
P25365,YCR067C
P53078,YGL224C
P32564,YGR049W
P42948,YJL105W
P48232,YNL086W
P38343,YBR266C
P53135,YGL113W
P38324,YBR228W
P46950,YGR197C
P38128,YBR182C
Q12369,YLL003W
P20134,YOR140W
P42900,YLR139C
Q04174,YOR149C
Q01684,YER115C
P32432,YLR403W
P40210,YMR140W
Q02825,YPL083C
P39707,YAR008W
P35180,YGR082W
P39000,YER096W
P45819,YGL170C
Q03175,YMR101C
P50875,YOL148C
P35210,YKL020C
P32603,YOR190W
P38789,YHR066W
P08459,YDR522C
Q03784,YDR246W
Q04969,YML055W
P38637,YIR011C
P38353,YBR283C
P32343,YKL124W
Q12504,YDR257C
P0CX50,YNL301C
P02406,YGL103W
P0CX85,YDL136W
Q12213,YPL198W
P51862,YLR371W
P53313,YGR245C
P29478,YML105C
P33754,YBR171W
P32349,YPR190C
P53875,YNL185C
P36527,YDR462W
P38771,YHR038W
Q01855,YOL040C
P32573,YNL202W
P38192,YBL048W
Q3E7X9,YOR167C
P53047,YGR213C
P03882,Q0160
P38814,YHR103W
P36047,YKL193C
P50110,YMR060C
P11655,YNR026C
P25357,YCR033W
P53266,YGR112W
P56508,YDR525W-A
Q04658,YML066C
P53148,YGL093W
P38956,YDR073W
Q04007,YDR186C
P53628,YNR023W
P04046,YMR300C
P0C2H9,YLR406C
P38061,YBL092W
P26321,YPL131W
Q06678,YDR322W
Q04598,YDR115W
Q04172,YDR393W
P39677,YJL102W
P46969,YJL121C
P48589,YOR369C
P0CX55,YDR450W
P0CX56,YML026C
P21825,YPL094C
P22470,YDR143C
Q12330,YOR159C
P53127,YGL131C
Q12529,YPL165C
P38858,YHR163W
P43682,YKL006C-A
Q3E784,YER180C-A
Q12034,YDR515W
Q12314,YOR021C
P22215,YOR307C
P40548,YIL016W
Q05024,YMR233W
P40462,YIL137C
P23644,YMR203W
Q02521,YOR148C
P13130,YHR139C
Q96VH5,YCL057C-A
P32570,YBR253W
P32377,YNR043W
Q08215,YOL044W
Q06169,YLR324W
P42934,YGR199W
P19735,YBR055C
P32606,YOR017W
Q05911,YLR359W
Q12192,YOR279C
P38232,YBR050C
Q08237,YOL080C
P38222,YBR030W
Q08745,YOR293W
P48526,YPL040C
P39735,YAL027W
Q04279,YMR086W
P28791,YDR498C
Q03707,YML034W
P36094,YKL042W
P50104,YMR019W
P40014,YER018C
P38816,YHR106W
P25379,YCL064C
P25344,YCL032W
D6VTK4,YFL026W
P38163,YBL106C
Q03770,YDR160W
P32048,YNL073W
P40508,YIL077C
P40043,YER067W
Q03792,YMR154C
P36159,YKR079C
P38741,YHL024W
P32385,YLL046C
P38927,YIL139C
P48743,YLR176C
P0CX24,YOR312C
Q04307,YDR045C
Q08219,YOL048C
P38961,YDR083W
P45978,YPR129W
P48525,YOL033W
P36150,YKR069W
P13188,YOR168W
P18562,YHR128W
P47108,YJR041C
Q04411,YDR520C
P47112,YJR046W
P47187,YJR161C
P40366,YJL065C
P09032,YOR260W
Q99382,YLR065C
Q08421,YOR051C
P43557,YFL046W
Q03937,YDR014W-A
Q96VH4,YCL026C-B
Q99332,YOR324C
Q08732,YOR267C
Q3E827,YJR005C-A
Q3E772,YGR169C-A
Q12230,YPL004C
Q03579,YMR298W
Q02796,YPL055C
P25369,YCL034W
P42951,YJL100W
P36013,YKL029C
P53885,YNL173C
P22134,YER142C
P20484,YKL021C
P10962,YAL025C
P23060,YCR019W
P17505,YKL085W
P53048,YGR289C
P53341,YGR292W
P53338,YGR288W
P32419,YDL078C
P07251,YBL099W
Q03153,YMR098C
Q06631,YDR299W
P33314,YKL092C
P23285,YHR057C
P36106,YKL005C
Q04930,YDR223W
P52868,YGL128C
Q12091,YPL170W
P38124,YBR008C
P53970,YNL024C
Q06636,YDR302W
P53306,YGR216C
P06774,YGL237C
Q07799,YLL007C
P32875,YOR196C
P38156,YBR298C
P38158,YBR299W
P38157,YBR297W
P0CX09,YNR073C
P50087,YGR235C
P38174,YBL091C
P07702,YBR115C
P0CW40,YIL172C
P0CW41,YJL221C
P50113,YGL154C
Q12354,YLR118C
Q00381,YJR058C
P46993,YJL170C
Q04052,YDR421W
Q04347,YMR014W
P41810,YDR238C
P02992,YOR187W
Q08023,YLR077W
P37292,YBR263W
Q04924,YDR221W
Q99181,YOR319W
P40886,YJL214W
Q99312,YOR155C
P53067,YGL241W
Q12425,YPR067W
P50094,YML056C
P30605,YDR497C
Q05533,YDR287W
Q03361,YDR475C
P32767,YGL016W
Q06324,YLR190W
P50108,YDR245W
P46985,YJL183W
P39106,YER001W
Q06211,YPR164W
P38069,YBR015C
P36044,YKL201C
P46982,YJL186W
P39107,YPL050C
Q06164,YLR320W
P53152,YGL087C
P53163,YGL068W
P38257,YBR098W
P35724,YKL064W
P26364,YER170W
P15454,YDR454C
Q07551,YDL124W
Q02486,YMR072W
P36062,YKL146W
P50944,YNL101W
P40501,YIL088C
P38770,YHR036W
P53319,YGR256W
P26448,YMR055C
P21192,YLR131C
P50082,YGR225W
P40851,YPR122W
P50080,YGR224W
P43553,YFL050C
P87275,YER093C-A
P38884,YHR198C
P37254,YNR033W
P32781,YGL032C
P25371,YCR011C
P19146,YDL137W
P07347,YHR013C
P0CD91,YPR192W
P43549,YFL054C
P38281,YBR151W
P32454,YKL157W
P37302,YBR286W
P18544,YOL140W
P36076,YKL088W
P48558,YNL305C
P00812,YPL111W
P18496,YLR393W
P50084,YGR230W
P47158,YJR122W
P47081,YJL003W
P32465,YHR094C
Q12520,YPL244C
P54854,YDL245C
P32581,YJL106W
P32645,YER180C
P43638,YJL042W
P38710,YHR046C
Q08979,YPL263C
P27466,YFR014C
P53379,YDR144C
P38873,YHR186C
Q8TGJ3,YNL024C-A
P81449,YDR322C-A
P47103,YJR032W
P41832,YNL271C
P38813,YHR101C
P53323,YGR262C
P38910,YOR020C
P32798,YOR316C
P06103,YOR361C
P53130,YGL121C
P47026,YJL091C
Q12692,YOL012C
P32806,YJL044C
Q12341,YPL001W
P02294,YBL002W
Q12361,YDL035C
P07286,YBR243C
P46973,YJR055W
P34244,YKL101W
Q9URQ5,YCR020W-B
P40037,YER057C
Q04005,YDR184C
P53150,YGL090W
P38828,YHR121W
P38922,YNL004W
P15992,YBR072W
Q12385,YLR099C
P10081,YKR059W; YJL138C
Q08118,YOL015W
P47046,YJL051W
Q02733,YPL017C
P40576,YIR024C
P40358,YJL073W
P40484,YIL106W
P06245,YPL203W
P40309,YJL094C
P15700,YKL024C
P36146,YKR063C
P40026,YER038C
Q08001,YLR072W
Q06096,YPR105C
Q06218,YLR276C
P40087,YER143W
Q08496,YOR080W
Q05521,YDR284C
P38821,YHR113W
P39112,YMR287C
Q06063,YLR405W
P18851,YOR212W
Q02647,YDR424C
Q05775,YLR192C
Q04868,YMR312W
P32626,YEL038W
Q03764,YDR147W
P38071,YBR026C
Q04806,YMR251W
P18414,YBL040C
Q06543,YLR243W
P32784,YBL011W
P39982,YEL059W
Q07928,YLR013W
Q06135,YLR343W
Q08271,YOL132W
Q08193,YOL030W
P38777,YHR049W
Q05015,YMR222C
Q07825,YLL029W
P40088,YER145C
P53739,YNR047W
Q04178,YDR399W
P11412,YNL241C
P40099,YER183C
P38812,YHR100C
P25373,YCL035C
P47088,YJR013W
P39004,YDR342C
P28627,YMR150C
P50095,YLR432W
P39518,YER015W
P52489,YOR347C
P38689,YHL011C
Q02948,YPL120W
P35203,YMR094W
P24869,YPR119W
P20438,YPL256C
P19516,YPL132W
P41735,YOR125C
O13525,YDR204W
P00410,Q0250
P38909,YOR037W
P43595,YFR012W
Q06053,YLR401C
P40516,YIL064W
Q03034,YDR539W
P25653,YCR089W
P40008,YER004W
Q08991,YPL279C
P28003,YAL034C
P31381,YAL022C
P40209,YMR136W
Q02784,YPL059W
Q04322,YMR192W
P38970,YJL165C
P41921,YPL091W
P47122,YJR072C
P53973,YNL021W
P28817,YDR036C
P32479,YBL008W
P53834,YNL281W
P48353,YMR161W
P53688,YDR191W
Q12134,YOR284W
P47119,YJR069C
P40015,YER019W
P38851,YHR155W
P38287,YBR161W
Q03653,YMR212C
P53246,YGR071C
Q07541,YDL121C
P40988,YMR319C
Q12676,YMR113W
Q03655,YMR215W
P04385,YBR020W
Q12029,YOR271C
P08431,YBR018C
Q99369,YOR280C
Q07540,YDL120W
P53848,YNL256W
O13329,YDR110W
P53260,YGR102C
P38011,YMR116C
P32363,YPL175W
P0CE11,YER039C
P37291,YLR058C
P38138,YBR229C
P39717,YAL056W
P05373,YGL040C
P36014,YKL026C
Q07653,YDL223C
P31379,YAL018C
Q08218,YOL047C
P36113,YKR017C
P27810,YOR099W
P31539,YLL026W
P47124,YJR075W
P50079,YGR223C
P53897,YNL157W
P32466,YDR345C
P25642,YCR071C
Q06505,YPR133C
Q12271,YOR109W
P05374,YGR157W
P36039,YKL207W
P12754,YGR083C
Q12396,YLR080W
P43555,YFL048C
P32471,YAL003W
P34216,YBL047C
P32324,YOR133W; YDR385W
P16521,YLR249W
P38140,YBR239C
P38226,YBR042C
P08524,YJL167W
P53199,YGL001C
Q12480,YPR004C
P32353,YLR056W
Q12468,YDL216C
Q01454,YPR135W
P53550,YNL118C
P39719,YAL053W
P06773,YHR144C
P47005,YJL149W
P36162,YKR083C
P32460,YIR030C
P18899,YMR173W
P25453,YER179W
P46949,YGR196C
Q12039,YOL095C
P54862,YOL156W
P42833,YNL318C
P28834,YNL037C
P38803,YHR085W
P00817,YBR011C
P53877,YNL182C
Q07959,YLR023C
P00401,Q0045
P32344,YLR204W
P69850,YBR233W-A
P38719,YHR169W
P38249,YBR079C
P42940,YGR207C
Q08822,YOR356W
Q12452,YLR100W
P38767,YHR032W
P53279,YGR131W
P32472,YDR519W
P07149,YKL182W
P38993,YMR058W
P21268,YJL157C
P00358,YJR009C
P38875,YHR188C
P48236,YGR149W
P32288,YPR035W
Q01766,YPR005C
Q03532,YMR290C
P32477,YJL101C
Q12068,YOL151W
P40545,YIL020C
Q03281,YDR458C
Q99383,YOL123W
P53687,YOR025W
Q06592,YPR193C
P32316,YBL015W
P14164,YKL112W
P47096,YJR025C
P25628,YCR048W
P47818,YLR220W
Q00776,YPL259C
P46682,YGR261C
Q08951,YPL195W
P08019,YIL099W
Q12748,YLR381W
P25342,YCR002C
P32468,YHR107C
Q06596,YPR199C
P25568,YCL038C
P38929,YGL006W
P49089,YPR145W
P18634,YLR392C
Q12140,YDL037C
P40006,YEL001C
Q06683,YDR332W
P40884,YJL216C
Q02786,YPL056C
P53158,YGL079W
P33311,YPL270W
Q02574,YLR288C
Q12124,YDL005C
Q06213,YPR168W
P53094,YGL197W
P40549,YIL014W
P21826,YIR031C
P25336,YCR092C
P0CX81,YHR055C
P25293,YKR048C
Q12515,YDL173W
P25334,YCR069W
Q02770,YPL064C
Q08967,YPL221W
Q12084,YDR020C
P13483,YML113W
P38911,YML074C
P23776,YLR300W
P12385,YBR143C
Q05040,YMR029C
Q12035,YLR051C
P36170,YKR102W
P38783,YHR059W
P32621,YEL042W
P49018,YDR331W
P40367,YJL062W
P43577,YFL017C
Q03554,YMR292W
P08539,YHR005C
P32642,YER174C
Q12438,YDL010W
P29295,YPL204W
P38635,YFR025C
P07172,YIL116W
Q03973,YDR174W
P39522,YJR016C
P53982,YNL009W
Q03694,YMR204C
Q12321,YPR070W
P43623,YFR055W
P38304,YBR193C
P32489,YPL121C
Q08176,YOL026C
Q12372,YLL061W
Q03079,YPL041C
P36003,YKL171W
P40096,YER159C
P38153,YBR288C
P32458,YJR076C
P49090,YGR124W
Q06405,YDR377W
P47113,YJR053W
Q08492,YOR078W
P25337,YCR063W
P04817,YEL063C
Q08226,YOL063C
P40566,YIR007W
Q08220,YOL049W
P41338,YPL028W
P32476,YGR175C
Q04660,YMR049C
P53551,YPL127C
Q08907,YOR383C
P09950,YDR232W
P53917,YNL127W
P26793,YKL113C
P32614,YEL047C
P25596,YCL073C
P53839,YNL274C
Q12344,YPL249C
P02309,YBR009C; YNL030W
P39979,YEL066W
P33417,YKL032C
P01094,YMR174C
Q06142,YLR347C
P40069,YER110C
Q12280,YPL242C
P40565,YIR005W
P40034,YER051W
P38250,YBR086C
P38169,YBL098W
Q07923,YLR011W
P00427,YHR051W
P16622,YOR176W
P48362,YGR187C
P11353,YDR044W
P34243,YKL017C
Q01448,YBR215W
P38074,YBR034C
P06168,YLR355C
P38695,YHR096C
P39935,YGR162W
P19158,YOL081W
Q12442,YOL002C
P07884,YOR274W
P36004,YKL168C
P40185,YIL051C
P47135,YJR091C
P34160,YMR125W
Q03125,YDR043C
P35182,YDL006W
P20676,YOR098C
Q02199,YGL172W
Q06593,YPR194C
Q03071,YPL046C
P47163,YJR129C
P41912,YOL110W
P43561,YFL041W
P10823,YER020W
Q03786,YDR248C
P17695,YDR513W
P39984,YEL056W
P02293,YDR224C
Q12350,YPR061C
P36156,YKR076W
Q06629,YDR295C
P38753,YHL002W
P38790,YHR067W
Q04429,YDR528W
Q12398,YOR032C
P39924,YEL069C
P39520,YLR223C
Q02821,YNL189W
P32361,YHR079C
Q12072,YLR095C
P50276,YGR055W
Q05979,YLR231C
P33550,YKR061W
P38620,YER099C
P48234,YGR145W
P25382,YCR072C
P16603,YHR042W
Q12374,YPR155C
P43124,YDL105W
P38340,YBR261C
P32336,YOR373W
Q08485,YOR071C
P38738,YHL029C
P38881,YHR195W
Q08702,YOR258W
P38700,YHL019C
P38065,YBL037W
P00856,Q0080
P38111,YBR136W
P10614,YHR007C
P40456,YIL151C
Q12450,YOR016C
Q07729,YDL238C
Q12283,YOR221C
P19097,YPL231W
P40098,YER182W
P38260,YBR101C
P29703,YKL019W
P40107,YGL225W
P41734,YOR126C
P47125,YJR078W
Q01159,YGL130W
P28321,YKL094W
Q08962,YPL211W
Q06630,YDR296W
P41543,YJL002C
P47018,YJL123C
P21339,YOR188W
Q12317,YOL112W
P52918,YDR335W
P23500,YKR052C
P50873,YDL079C
Q12467,YPL168W
P48564,YNL295W
P53742,YNR053C
P38798,YHR077C
Q03718,YML023C
P28005,YAL033W
P53218,YGR030C
P0CX78,YLR158C
P53090,YGL202W
Q12527,YPR049C
P38724,YHL047C
Q07660,YDL231C
P47130,YJR084W
P53008,YGL027C
P43497,YKL096W-A
Q12186,YLR116W
P00729,YMR297W
P32796,YML042W
Q3E846,YMR244C-A
P33313,YBR155W
P53301,YGR189C
Q06440,YLR429W
P53053,YGL263W
P0CX12,YBR302C
P43639,YGL019W
Q6Q5K6,YML058W-A
Q12246,YOR171C
P38130,YBR205W
P23493,YKL093W
P10659,YLR180W
Q12171,YOR147W
P53059,YGL257C
Q03829,YMR166C
P35728,YKL059C
Q02455,YKR095W
Q01389,YJL095W
Q05611,YDR275W
P07245,YGR204W
P48524,YMR275C
P40526,YIL049W
Q3E829,YDL160C-A
P38042,YBL084C
P38791,YHR068W
Q08650,YOR245C
P04819,YDL164C
P07834,YFL009W
P06182,YAL039C
Q12453,YOR112W
P53197,YGL003C
P48237,YGR150C
P09624,YFL018C
P47089,YJR014W
P33327,YDL215C
P52924,YNR075W
Q12289,YOR100C
P38723,YHL048W
P53822,YNL336W
Q3E705,YGR271C-A
P40540,YIL027C
P32604,YJL155C
P34756,YFR019W
Q12518,YDL161W
Q03769,YDR153C
Q03898,YDR130C
P06174,YOR278W
P40020,YER032W
P51601,YGR267C
Q06704,YLR309C
P38991,YPL209C
P36115,YKR019C
Q04213,YMR044W
P38954,YDR072C
Q04377,YDR499W
Q12446,YOR181W
P32807,YMR284W
Q06508,YPR139C
Q02889,YPL098C
P26188,YDL200C
P43583,YFL007W
P33306,YER167W
P25356,YCR032W
Q12348,YOL117W
P22035,YKR099W
P53088,YGL211W
Q06469,YPR158W
P25618,YCR017C
P53923,YNL119W
P40442,YIL169C
P43600,YFR020W
Q08300,YOL159C
P28319,YKL096W
P14922,YBR112C
P39101,YER048C
P06787,YBR109C
P17555,YNL138W
P13365,YAL040C
P32178,YPR060C
Q00684,YFR028C
P32562,YMR001C
Q12382,YOR311C
P32891,YDL174C
P46681,YDL178W
P39976,YEL071W
Q06549,YLR245C
Q99288,YDR051C
P53388,YPL265W
P08004,YNL192W
Q08054,YOL007C
P14306,YLR178C
Q05790,YLR213C
Q04638,YML068W
P22023,YOR336W
P38702,YHR002W
P43586,YFR001W
Q08268,YOL119C
P35191,YFL016C
Q12041,YDR253C
Q02820,YJL205C
P40078,YER126C
P36973,YDR441C
Q06541,YLR242C
P32639,YER172C
P43132,YLR015W
Q3E793,YAL044W-A
P40580,YIR036C
P31384,YAL021C
Q3E835,YOL086W-A
P26309,YGL116W
Q12114,YLR330W
P43542,YFL062W
P36034,YKL219W
P04037,YGL187C
P40094,YER157W
Q05892,YLR290C
Q02554,YMR240C
P32898,YDR430C
P36091,YKL046C
Q05050,YMR031C
P38874,YHR187W
Q08299,YOL158C
P36053,YKL160W
Q12050,YOR144C
P42835,YNL327W
Q08119,YOL017W
P42222,YMR323W
Q03103,YML130C
Q04991,YMR221C
P38866,YHR176W
P40546,YIL019W
P15646,YDL014W
P28007,YHR089C
P39936,YGL049C
Q04934,YDR229W
Q03162,YMR100W
P39002,YIL009W
Q08045,YLR104W
Q07376,YDL054C
Q04472,YMR115W
P08465,YNL277W
P39014,YIL046W
P10507,YLR163C
P36084,YKL074C
P40050,YER077C
P00163,Q0105
Q00873,YKL087C
P38823,YHR115C
Q12025,YDR056C
Q03018,YGR098C
P35731,YKL055C
P32462,YNL280C
P40857,YJL097W
P42950,YJL103C
P43572,YFL024C
P45976,YJR093C
A0A023PZB3,YER038W-A
P41813,YNL068C
P53889,YNL168C
P37303,YEL046C
P18494,YER040W
P53154,YGL084C
P53258,YGR100W
Q03020,YPL135W
Q12056,YOR226C
P11986,YJL153C
P26798,YDR123C
P38144,YBR245C
Q06214,YPR169W
P53863,YNL227C
P46997,YJL162C
Q12358,YLL057C
P40206,YMR132C
P23291,YHR135C
P23292,YNL154C
P39962,YER123W
Q12753,YPR008W
Q07622,YDL203C
P40053,YER080W
P53109,YGL160W
P00331,YMR303C
Q04516,YML087C
P53930,YNL107W
P32317,YEL052W
P48360,YDR376W
P04710,YMR056C
P18239,YBL030C
P47143,YJR105W
P40994,YOR094W
P05085,YML099C
P40467,YIL130W
D6W196,YNL083W
Q06680,YDR325W
Q07879,YLL042C
P30902,YKL016C
P13090,YML116W
P38862,YHR171W
P38428,YMR264W
Q04201,YML101C
P50277,YNR058W
P53755,YNR069C
P47176,YJR148W
P07143,YOR065W
Q06338,YDR361C
Q07533,YDL117W
P50273,YDR350C
P38182,YBL078C
Q04749,YMR068W
Q08004,YLR074C
P40013,YER016W
P38891,YHR208W
P80235,YAR035W
P13517,YIL034C
P89113,YOL052C-A
P17106,YJR060W
O13547,YLR390W-A
P39013,YNL084C
P22146,YMR307W
Q08645,YOR241W
Q08232,YOL073C
Q3E840,YBL071W-A
P39985,YEL055C
P40059,YER088C
P40036,YER054C
P32801,YKL048C
P46998,YJL161W
Q03002,YPL141C
P23900,YLL043W
P0CY07,YCL066W
P0CY09,YCL067C
P53685,YOL068C
Q02207,YKR009C
P22943,YFL014W
Q08622,YOR205C
Q12154,YDL100C
P31373,YAL012W
P53899,YNL155W
P53045,YGR060W
P08678,YJL005W
P41817,YPL177C
Q12046,YDL209C
P49956,YMR078C
P38818,YHR109W
P54781,YMR015C
P38333,YBR247C
P53938,YNL080C
P47178,YJR150C
P18962,YHR028C
P40039,YER060W
P42842,YNL313C
Q04651,YML067C
P0CX10,YOR393W
Q06344,YDR365C
P22696,YJR017C
P53743,YNR054C
Q05359,YAR002C-A
P38748,YHL010C
Q08651,YOR246C
P36141,YKR049C
P25621,YCR028C
P53741,YNR051C
P25296,YKL190W
Q03702,YKL011C
Q03652,YMR211W
Q12743,YDR411C
P04821,YLR310C
P14724,YFR036W
P25694,YDL126C
P06243,YDL017W
P53332,YGR277C
Q05902,YLR299W
Q99252,YOR092W
Q03214,YMR176W
Q06200,YLR443W
P14180,YBR038W
P38843,YHR142W
P21595,YDR402C
P25039,YLR069C
Q06551,YLR246W
P32474,YDR518W
P40030,YER044C
P47160,YJR125C
Q08726,YOR262W
P38137,YBR222C
Q02883,YPL103C
P50264,YMR020W
P42837,YNL325C
Q03254,YMR277W
P05316,YBR021W
P00359,YGR192C
Q12125,YOR164C
P53171,YGL057C
P47042,YJL057C
P42884,YNL331C
Q08361,YOL165C
Q12191,YDL099W
Q01217,YER069W
P46672,YGL105W
P38731,YHL040C
P38856,YHR161C
Q06497,YPR128C
P40340,YGR270W
P39945,YER101C
Q06597,YPR200C
Q04489,YML096W
Q12674,YMR162C
P32660,YER166W
P27697,YGL119W
Q12168,YLR144C
P38261,YBR102C
P48239,YGR154C
P38143,YBR244W
P00420,Q0275
P53769,YLR323C
Q04433,YDR534C
P18411,YAL008W
P31380,YAL019W
P36173,YKR106W
P53849,YNL255C
Q03557,YMR293C
P23797,YMR281W
P40582,YIR038C
P42944,YJL110C
P27472,YLR258W
Q04410,YDR517W
Q08929,YPL189W
P14064,YKL109W
P41546,YFL031W
P38523,YOR232W
P13185,YDR122W
P36224,YMR294W
P06242,YDL108W
P13186,YLR096W
P22209,YAR018C
Q01919,YOR233W
P25341,YCR091W
P40581,YIR037W
P28742,YBL063W
P28743,YPL155C
P53086,YGL216W
P32350,YLL019C
Q04697,YML048W
Q12380,YPL149W
P40202,YMR038C
P40558,YIL003W
P43618,YFR046C
P40955,YJL099W
P38892,YHR209W
P53344,YGR295C
Q08955,YPL200W
P10174,YMR256C
Q2V2P9,YDR119W-A
P36033,YKL220C
Q08905,YOR381W
P53746,YNR060W
Q08908,YOR384W
Q12473,YLL051C
Q12333,YOL152W
Q12209,YLR047C
P12709,YBR196C
P38196,YBL042C
P32805,YGL254W
P38297,YBR179C
P25659,YCR076C
P39012,YLR088W
P17649,YGR019W
P40492,YIL097W
Q08559,YOR183W
P00360,YJL052W
P11710,YCL027W
Q05670,YMR232W
P16892,YBL016W
P36088,YKL069W
P13045,YDR009W
P38332,YBR246W
P40568,YIR010W
P40553,YIL010W
P32497,YMR309C
P04397,YBR019C
P07253,YBR120C
Q12395,YLR128W
P33750,YLL011W
P26343,YKR034W
P21657,YIR023W
P21705,YNL314W
P27614,YJL172W
P32582,YGR155W
P12962,YOR276W
P53959,YNL041C
P53861,YNL230C
P38347,YBR271W
Q12431,YLL014W
Q12284,YPR037C
P0CX11,YPL281C
Q03096,YIL009C-A
P54839,YML126C
Q06001,YLR238W
Q12247,YLR068W
P40569,YIR013C
P08417,YPL262W
P53961,YNL038W
Q03835,YDR098C
P23337,YFR015C
P46943,YLR289W
P61830,YBR010W; YNL031C
Q07845,YLL035W
P36148,YKR067W
Q08969,YPL223C
P38715,YHR104W
P53722,YNR020C
P85052,YER014C-A
P49573,YPR124W
P25719,YML078W
P37267,YGR174C
P39113,YMR280C
P07258,YOR303W
P34237,YKL179C
P06115,YGR088W
P27825,YAL058W
P28495,YKL007W
Q06409,YLR422W
P36130,YKR036C
P32656,YER163C
P15790,YIL035C
Q12287,YLL009C
Q07560,YDL142C
Q12150,YLR087C
P53333,YGR278W
P47976,YDR151C
P25340,YGL012W
P03870,R0010W
Q12119,YER060W-A
P53235,YGR054W
P19658,YJL085W
P38289,YBR163W
P40557,YIL005W
P40207,YMR134W
P32352,YMR202W
P32835,YLR293C
P32836,YOR185C
Q00582,YML121W
P04911,YDR225W
Q05785,YLR206W
Q08906,YOR382W
P38224,YBR040W
P30777,YGL142C
Q04399,YDR506C
Q12127,YLR110C
Q02799,YPL054W
P17260,YNL322C
Q12502,YOR322C
P40958,YJL030W
Q03649,YMR210W
Q12343,YOR174W
P15807,YBR213W
P32435,YGL089C
P08536,YJR010W
Q92328,YOL009C
P20967,YIL125W
P54785,YMR070W
P53159,YGL075C
P38888,YHR204W
P38857,YHR162W
Q99316,YOL088C
Q07980,YLR035C
Q03825,YMR164C
Q03723,YML019W
P32567,YMR165C
P28737,YGR028W
P34246,YKL098W
Q99271,YLR138W
Q99207,YDL148C
P14743,YLR195C
Q07913,YLR007W
P40010,YER006W
P06102,YIL038C
P07272,YLR014C
P39718,YAL055W
P33333,YDL052C
P38197,YBL036C
Q12036,YPL148C
Q03776,YDR235W
P40012,YER014W
P23595,YDL188C
P38995,YDR270W
Q08412,YOR042W
P53728,YNR028W
Q99177,YPR057W
P24870,YDL155W
P53239,YGR062C
Q03036,YDR540C
P47056,YJL037W
P30624,YOR317W
P43560,YFL042C
Q06436,YLR427W
P33420,YPL174C
P39016,YGL178W
P38162,YBL107C
P38335,YBR255W
P47095,YJR024C
P14908,YMR228W
P10849,YDL044C
P54964,YLR059C
P36147,YKR065C
P37304,YDR251W
Q03266,YMR289W
P40360,YJL071W
P53617,YNL251C
P53915,YNL129W
P19262,YDR148C
Q08202,YOL032W
P54791,YPR162C
P50091,YGR239C
P38824,YHR116W
P32191,YIL155C
P53125,YGL133W
Q06674,YDR317W
P07260,YOL139C
P34167,YPR163C
P41821,YNL291C
P35729,YKL057C
P38302,YBR188C
Q08970,YPL224C
P47069,YJL019W
P0CY08,YCR039C
Q3E833,YKR095W-A
P38351,YBR279W
P53944,YNL063W
P38734,YHL036W
Q03920,YDR140W
P53176,YGL051W
Q08818,YOR354C
Q02046,YKR080W
P10566,YJL133W
Q08580,YOR193W
P48363,YGR078C
P52553,YLR200W
Q06651,YDR313C
P36069,YKL128C
P38361,YBR296C
P49017,YML110C
P32799,YGL191W
Q06538,YLR241W
P00425,YIL111W
P53830,YNL286W
P46946,YGL175C
Q04935,YDR231C
Q07505,YDL086W
P38732,YHL039W
P43613,YFR041C
Q03661,YMR219W
P53233,YGR052W
P38894,YHR211W
Q06179,YLR454W
P32599,YDR129C
Q06623,YPR179C
Q04458,YMR110C
P00815,YCL030C
P41809,YDR420W
P17629,YDR138W
P06633,YOR202W
Q12522,YPR016C
P09064,YPL237W
P39003,YDR343C
P36112,YKR016W
P39692,YFR030W
Q05930,YLR368W
P18409,YAL010C
P40260,YGR121C
Q03667,YMR002W
P53927,YNL110C
P41816,YPL171C
P24004,YKL197C
Q12017,YOR281C
P25576,YCL047C
P53252,YGR086C
P20052,YOL001W
P25626,YCR046C
P32351,YIL154C
Q08630,YOR235W
Q06554,YLR247C
P32337,YMR308C
Q99393,YOL101C
Q03419,YDR492W
P13902,YOL108C
O13555,YLR331C
Q08227,YOL065C
P43563,YFL034C-B
P36005,YKL161C
P50090,YGR238C
Q02932,YPL125W
P35844,YPL145C
Q04066,YDR428C
P06244,YJL164C
P50112,YDL049C
P38286,YBR159W
P36132,YKR038C
P53583,YNL249C
P00572,YJR057W
P36775,YBL022C
Q9ZZW7,Q0115
P43594,YFR011C
P19659,YOL051W
Q12033,YOR275C
Q07418,YDL065C
P18898,YGL155W
Q05788,YLR209C
P28004,YAL032C
P21672,YIL066C
P53131,YGL120C
Q07800,YLL010C
P43610,YFR038W
P27705,YGL035C
P47085,YJR008W
P47114,YJR054W
P43614,YFR042W
P32490,YOR231W
Q06005,YLR239C
P32487,YNL268W
P53846,YNL260C
P34166,YNL145W
P40573,YIR017C
P25046,YBL093C
P32340,YML120C
P53883,YNL175C
P38205,YBL024W
P47077,YJL010C
Q12514,YPR072W
P32473,YBR221C
P46673,YJR042W
Q03028,YPL134C
P32263,YER023W
Q99380,YDL232W
P0CE92,YAL068C
Q3E770,YBL108C-A
P0CE93,YGL261C
Q04493,YML094W
Q06644,YDR307W
Q12236,YOL100W
Q03306,YDR466W
Q12326,YOL056W
P23638,YGR135W
P01097,YDL181W
Q12500,YLR114C
P38356,YBR290W
P41697,YLR319C
Q06350,YDR371W
P38307,YBR201W
P31116,YJR139C
P13181,YLR081W
P54005,YMR316W
P40487,YIL103W
P32461,YKL191W
P48510,YMR276W
P25615,YCR014C
P53063,YGL246C
P38229,YBR045C
P53759,YML080W
Q04082,YDR437W
Q05787,YLR207W
P32339,YLR205C
Q05549,YDR291W
Q04437,YMR106C
P41939,YLR174W
P38852,YHR156C
Q08601,YOR197W
P18408,YPR167C
Q99257,YPL169C
P33441,YML062C
P40578,YIR033W
P43564,YFL034W
P53129,YGL124C
P38920,YMR167W
P38077,YBR039W
P32453,YNL315C
P30283,YPR120C
P41811,YGL137W
P06106,YLR303W
P47133,YJR088C
P24814,YJR090C
P16151,YDR414C
P53290,YGR163W
P40956,YGL181W
Q07872,YLL038C
P40214,YMR144W
P43574,YFL021W
P40325,YGR268C
P27809,YDR483W
P42838,YNL323W
P14681,YGR040W
P38691,YHR082C
P35688,YDL240W
P34078,YKL143W
P47032,YJL079C
Q08235,YOL077C
P53744,YNR056C
P53314,YGR247W
Q03375,YDR482C
Q12517,YOL149W
Q06151,YLR270W
Q12178,YPR062W
P17064,YER056C
P35732,YKL054C
Q12248,YDR016C
P39521,YPR104C
P40491,YIL098C
Q08558,YOR180C
P20447,YGL078C
P32325,YDR052C
P38225,YBR041W
P0CH64,YNL335W
P39704,YAL007C
P53198,YGL002W
Q12403,YDL018C
P09201,YLR377C
Q05926,YLR364W
P10961,YGL073W
P19807,YGL077C
Q12347,YLR097C
P47175,YJR147W
Q04329,YMR195W
P21954,YDL066W
P28241,YOR136W
P47185,YJR158W
P53219,YGR031W
P32488,YMR081C
P38697,YHR216W
P40559,YIL002C
P25338,YGL010W
P08638,YLR451W
P25586,YCL059C
P38800,YHR080C
P04173,YCL018W
P35192,YMR021C
P40495,YIL094C
P50945,YNL100W
Q04922,YDR219C
P40534,YIL037C
Q12417,YPL151C
P25355,YCR054C
P14832,YDR155C
P89105,YOL145C
P53202,YGR003W
P47050,YJL047C
P15315,YGL166W
Q05080,YMR032W
P00045,YEL039C
P43634,YLR098C
P32501,YDR211W
Q04067,YDR429C
Q08913,YOR390W
P46984,YJL184W
Q04080,YDR434W
Q07830,YLL031C
P53631,YNR072W
P47145,YJR107W
P42834,YNL328C
P47164,YJR130C
P36118,YKR022C
Q02630,YMR047C
P38126,YBR186W
P29468,YKR002W
Q05568,YDR265W
P53900,YNL153C
P38148,YBR276C
P29461,YOR208W
P30657,YFR050C
P42935,YGR200C
P53971,YNL023C
P28006,YOR178C
P22007,YDL090C
P25555,YCL011C
P46961,YPL076W
P38736,YHL031C
Q05584,YDR272W
Q07532,YDL115C
P38063,YBL068W
P40504,YIL085C
P47035,YJL076W
P39997,YEL016C
P38632,YEL019C
Q04430,YDR531W
P33751,YDR538W
P38151,YBR233W
P32612,YEL049W
P43575,YFL020C
P36102,YKL025C
Q08952,YPL196W
Q04370,YMR026C
P38848,YHR150W
P21243,YGL011C
P38131,YBR199W
P27929,YNL137C
Q04121,YDR456W
P40065,YER106W
P30665,YPR019W
Q01846,YML104C
Q06178,YLR328W
P33203,YKL012W
P11491,YDR481C
P33331,YER009W
P52593,YML103C
P40991,YNL061W
Q01560,YDR432W
Q12499,YOR310C
P25655,YCR093W
Q12200,YPL006W
P25366,YCR095C
P31755,YGL038C
P38826,YHR118C
P07991,YLR438W
Q99297,YOR222W
P36163,YKR087C
P53248,YGR077C
Q03370,YDR479C
P39008,YNR052C
Q03880,YMR123W
P39006,YNL169C
P31374,YAL017W
P11154,YGL062W
P41909,YPL147W
P21304,YLR196W
P27476,YGR159C
Q92316,YGL226C-A
Q08322,YOL161C
Q04734,YMR063W
P15380,YOR348C
P39952,YER154W
P38855,YHR160C
P39684,YFR023W
P38244,YBR074W
P32901,YKR093W
P50896,YDR505C
P38145,YBR256C
P25042,YPR065W
Q04216,YMR126C
P53753,YNR067C
Q04461,YMR111C
P25605,YCL009C
Q08295,YOL157C
P41833,YGL192W
Q07821,YLL027W
P07250,YDR173C
P39943,YER028C
P47156,YJR119C
P24583,YBL105C
P53102,YGL183C
P40029,YER042W
Q12106,YOR228C
Q08750,YOR298W
P48240,YGR158C
P47047,YJL050W
P40990,YDL107W
P08593,YPR134W
Q12093,YDL033C
P32559,YMR023C
P40567,YIR009W
Q06489,YPR118W
Q06390,YDR374C
P32829,YMR224C
P38172,YBL095W
Q03180,YKL163W
P40494,YIL095W
P39927,YGR156W
P40359,YJL072C
Q12146,YOL146W
P03962,YEL021W
P05317,YLR340W
P05318,YDL081C
P05319,YOL039W
P10622,YDL130W
P02400,YDR382W
Q12495,YPR018W
P05745,YMR194W
O14455,YPL249C-A
Q03195,YDR091C
Q12224,YPL089C
P49166,YLR185W
P51402,YDR500C
P49167,YLR325C
P38902,YOL005C
P53118,YGL144C
P43602,YFR022W
P13711,YGL205W
P40535,YIL036W
P15891,YCR088W
P53629,YNR019W
Q08683,YOR249C
P27351,YJR005W
P22135,YJL180C
P38147,YBR274W
P35201,YKL089W
Q99234,YOR030W
Q05031,YMR238W
P31385,YAL013W
Q12262,YPR046W
Q12018,YDL132W
O13297,YPL228W
P36009,YKL078W
Q12086,YDR263C
Q04368,YMR025W
P47051,YJL046W
P41318,YNL006W
P38132,YBR202W
P40473,YIL122W
P26570,YML016C
Q12221,YPR042C
P32857,YKL039W
P0CX82,YBR084C-A
P87262,YER056C-A
P20437,YMR199W
Q2V2P8,YDR374W-A
P53280,YGR134W
P32623,YEL040W
P53859,YNL232W
P38845,YHR146W
P07264,YGL009C
P25579,YCL051W
Q12405,YOR084W
Q02891,YPL095C
Q07508,YDL087C
P53114,YGL151W
P38341,YBR262C
Q03081,YPL038W
P53083,YGL219C
P47123,YJR074W
P40364,YJL066C
P53157,YGL080W
P53725,YNR024W
P23641,YJR077C
Q02795,YMR149W
P53077,YGL226W
Q01926,YOR334W
Q06389,YDR373W
Q04364,YMR018W
Q02890,YPL096W
P05694,YER091C
Q08278,YOL135C
Q03218,YMR177W
P48563,YNL297C
P32047,YNL074C
P30952,YNL117W
P38590,YNL053W
P53320,YGR257C
P0CX80,YHR053C
P47084,YJR003C
Q02629,YKL068W
P14907,YJL041W
P32945,YPL179W
P53317,YGR251W
Q12460,YLR197W
P50874,YNL261W
P39720,YAL051W
P32499,YLR335W
P52891,YDL116W
Q06833,YPR091C
P38219,YBR025C
P0CE91,YLL064C
P48565,YNL294C
Q02969,YPL112C
P53691,YLR216C
P05375,YJR073C
P21306,YPL271W
P40465,YIL132C
P32074,YNL287W
P54070,YPL053C
P32354,YIL150C
P19358,YDR502C
P40356,YGL025C
P38633,YGL127C
P40035,YER053C
Q12690,YDL082W
P41056,YOR234C
P0CX87,YDL133C-A
Q02555,YMR239C
Q12338,YLR154C
P36521,YDL202W
P24280,YMR079W
P02381,Q0140
Q06090,YPR100W
Q12532,YPL009C
P40156,YNL213C
P36080,YKL082C
P36070,YKL125W
P38760,YHR015W
P47149,YJR112W
P32833,YBR060C
Q06810,YPR075C
P39966,YER089C
P34221,YBL056W
Q04119,YDR452W
P20604,YDL047W
P32345,YDR075W
Q06892,YPL188W
P38193,YBL046W
P40164,YNL201C
P24031,YBR092C
P35842,YAR071W
P38325,YBR230C
Q99373,YPL159C
P25362,YCR020C
Q00453,YMR182C
Q07930,YLR016C
P39551,YAR031W
P53549,YOR259C
P07390,YNR045W
P53981,YNL010W
P31386,YAL020C
P53194,YGL007W
P53188,YGL029W
P43621,YFR051C
P21592,YPL172C
Q06820,YPR083W
P40469,YIL128W
P36027,YLR332W
P38191,YBL049W
Q06624,YPR180W
Q00246,YKR055W
P0CX49,YOL120C
P32844,YIL068C
P22354,YKR085C
P25348,YCR003W
P36531,YBR122C
P36526,YBR282W
P20084,YMR286W
P32561,YNL330C
P0CX32,YIL069C
P25638,YCR060W
P36100,YKL028W
P36145,YKR062W
P15019,YLR354C
P53065,YGL243W
P25345,YCR024C
P53228,YGR043C
P41895,YGR186W
P47058,YJL035C
Q9URQ3,YLR316C
P41896,YGR005C
Q12136,YDL153C
Q12158,YDL003W
P53334,YGR279C
P39954,YER043C
P14693,YHR083W
P19263,YLR071C
P34165,YDR461W
P32585,YGR104C
P47190,YOR321W
P05030,YGL008C
P32860,YKL040C
Q00402,YDR150W
P16451,YGR193C
P48837,YGR119C
P39705,YAR002W
Q02803,YPL052W
P40459,YIL145C
Q12370,YLL025W
P0CE86,YOR394W
Q12211,YPL212C
Q06244,YLR165C
P53294,YGR169C
Q08647,YOR243C
Q12069,YDL036C
P09368,YLR142W
P20051,YLR420W
P07275,YHR037W
P25502,YKL015W
P13298,YML106W
Q03558,YHR179W
P80667,YLR191W
P46988,YJL179W
Q12445,YLR018C
P53335,YGR280C
P39083,YOR127W
P0CX23,YMR242C
P19956,YMR225C
Q03465,YDL020C
P06367,YCR031C
Q12505,YPL026C
P21691,YKR101W
P53075,YGL228W
Q03656,YMR216C
P38200,YBL031W
Q06132,YLR336C
P33335,YPR198W
P32566,YGR229C
Q03067,YPL047W
Q12306,YDR510W
P06700,YDL042C
P25554,YCL010C
P53165,YGL066W
P06701,YLR442C
P41808,YPR054W
Q08199,YOL031C
Q04964,YML058W
Q04195,YDR409W
Q12216,YOR156C
P11978,YDR227W
P38634,YLR079W
P47166,YJR134C
P40472,YIL123W
P32364,YKL079W
P32909,YBR172C
P40561,YIR001C
P32790,YBL007C
P33338,YNL243W
Q08490,YOR073W
P38262,YBR103W
P36169,YKR100C
Q06315,YLR187W
P25294,YNL007C
P32900,YHR149C
P36024,YKR072C
Q05567,YDR294C
P39980,YEL065W
P22579,YOL004W
P35207,YLR398C
P53965,YNL032W
P17883,YPR189W
Q08491,YOR076C
Q02793,YGL213C
P35187,YMR190C
P33299,YKL145W
P21264,YOR128C
P20435,YPR187W
P0CX41,YBL087C
P14120,YGL030W
P0CX27,YNL162W
Q12242,YOR138C
Q12751,YMR185W
P40084,YER139C
Q12378,YDR066C
Q00916,YIL061C
P32605,YBR119W
O13516,YPL081W
P05755,YBR189W
P25367,YCL028W
Q01589,YDR077W
P22276,YOR207C
P0C5R9,YPR170W-B
P39975,YEL072W
P14063,YKL138C
P23369,YGR076C
P11792,YHR205W
Q06245,YLR166C
Q6Q595,YBL091C-A
Q08749,YOR297C
P89114,YHR079C-A
P43545,YFL059W
P53953,YNL049C
P53207,YGR013W
P40486,YIL104C
P38827,YHR119W
P40971,YDR034C
P17967,YCL043C
P32831,YBR212W
P14242,YNL082W
Q04383,YDR501W
P31382,YAL023C
P38861,YHR170W
Q12129,YLR363C
P46970,YJR132W
Q12366,YOL104C
Q05777,YLR194C
P38082,YBR066C
P33895,YOL069W
P53397,YML060W
P38122,YBR176W
P28272,YKL216W
P33767,YEL002C
P40219,YMR148W
P25644,YCR077C
P39108,YDR142C
P25360,YCR037C
Q04373,YDR496C
P40541,YIL026C
Q04003,YDR181C
P03877,Q0060
P53009,YGL083W
Q03529,YMR272C
P38352,YBR280C
P20048,YMR013C
P38693,YHR215W
P52290,YDL024C
P10363,YIR008C
Q12355,YDR055W
P34222,YBL057C
P38009,YMR120C
P0CX54,YDR418W
P0C2H8,YDL075W
P0CX84,YDL191W
P0CX26,YJR094W-A
Q04740,YMR234W
P47076,YJL011C
Q05635,YDR279W
P36533,YML009C
P39543,YJL192C
Q12189,YOR095C
P53201,YGR002C
P32591,YJL176C
P25302,YER111C
P08153,YDR146C
P09959,YLR182W
Q12379,YDR260C
P40342,YNR004W
P40825,YOR335C
P32903,YCR024C-A
P36002,YKL198C
P25043,YOR157C
P0CX46,YIL018W
Q04599,YDR116C
P36519,YDR237W
Q02685,YPL024W
P20436,YOR224C
P32904,YHR147C
P40993,YDR478W
P36516,YMR024W
P32387,YDR405W
P34226,YBL061C
P50263,YMR175W
P32578,YDR422C
Q12469,YOL113W
P33336,YGR143W
P34164,YGL208W
P38889,YHR206W
Q02100,YNL167C
P39986,YEL031W
P12954,YJL092W
P50088,YGR236C
P23179,YHL022C
P17123,YHR152W
P23624,YHR014W
Q04398,YDR504C
Q12455,YLR146C
P36126,YKR031C
P41930,YPL092W
P35208,YJL127C
Q04438,YMR107W
P42933,YMR191W
P17122,YHR153C
Q03029,YPL130W
P53541,YNL012W
Q04359,YMR017W
P40511,YIL073C
P07281,YNL302C
P38904,YDR464W
P06843,YER161C
P06844,YDR392W
P25380,YCL048W
P43607,YFR032C
P0CX37,YPL090C
P41057,YLR388W
P47025,YJL112W
P38880,YHR194W
P24719,YOR351C
P53123,YGL136C
Q07349,YDL027C
Q08925,YPL184C
P38860,YHR168W
P47007,YJL147C
P32521,YIR006C
Q12375,YOR130C
P10963,YKR097W
P04147,YER165W
P40960,YDR488C
P53010,YGL094C
P39081,YDR228C
P42939,YGR206W
P25580,YCL052C
P40530,YIL042C
P39729,YAL036C
P33775,YDL095W
P46971,YJR143C
Q03407,YDR490C
P39535,YJL198W
P12689,YOR346W
P38206,YBL020W
Q08961,YPL208W
Q03942,YDR198C
Q12196,YOR119C
P40992,YJL025W
P02407,YML024W
P47065,YJL023C
P38876,YHR189W
P40555,YIL007C
P53331,YGR276C
P38883,YHR197W
P38754,YHL001W
P26784,YIL133C
P0CH09,YKR094C
P36517,YLR439W
Q03441,YDL001W
P40422,YHR143W-A
Q04491,YLR208W
Q12530,YLR145W
P36528,YNL252C
P53060,YGL250W
P32368,YKL212W
P46674,YDR159W
P17121,YDR389W
P43589,YFR005C
P38072,YBR024W
Q08873,YOR367W
P32380,YDR356W
P36068,YKL130C
Q03144,YMR095C
P53823,YNL334C
P43544,YFL060C
Q04902,YMR322C
P38272,YBR130C
P51534,YOR035C
Q08826,YOR357C
P47057,YJL036W
Q06109,YPR116W
Q08774,YOR305W
Q04031,YDR412W
O13563,YLR421C
P23250,YIL119C
P14127,YDR447C
P40470,YIL127C
P46948,YGR195W
P26786,YOR096W
P33310,YLR188W
P32491,YPL140C
P0CE00,YJR160C
P40562,YIR002C
P0CE68,YKR103W
Q12207,YPR149W
P53136,YGL111W
Q07623,YDL213C
Q08287,YOL144W
P28273,YKL215C
P49686,YDR192C
P40368,YJL061W
Q12066,YDL089W
Q12202,YLR054C
P39545,YAR020C
Q03050,YDR542W
P25610,YCR104W
P53343,YGR294W
Q07362,YDL053C
P38725,YHL046C
P33400,YHL027W
Q99216,YOR145C
Q03674,YMR006C
P09232,YEL060C
Q12318,YLR376C
Q02772,YJR034W
Q07807,YLL013C
P32338,YGR044C
Q12367,YLR137W
P26785,YNL069C
P0C2H6,YHR010W
P05066,YOR386W
P39105,YMR008C
P07244,YGL234W
P32327,YBR218C
Q12194,YPL066W
P32445,YCR028C-A
Q12300,YDL138W
P38066,YBL033C
P38127,YBR192W
P16664,YDR137W
P0C0W9,YPR102C
P17076,YHL033C
P39742,YLR292C
P04051,YOR116C
Q05468,YDR333C
P40011,YER010C
Q06236,YLR164W
P38766,YHR031C
P38989,YFR031C
P47037,YJL074C
Q06168,YLR321C
P35178,YDR087C
P46654,YLR048W
Q08281,YOL138C
Q02950,YPL118W
P43612,YFR040W
P07560,YFL005W
Q03148,YMR096W
P49955,YMR288W
P32568,YDR011W
P39723,YAL047C
P32597,YIL126W
P38960,YDR082W
Q6WNK7,YBR111W-A
P09436,YBL076C
P32580,YPL029W
P33300,YPL057C
P33298,YDR394W
P40347,YPR073C
P40327,YDL007W
P09938,YJL026W
P05743,YLR344W
P0CX28,YHR141C
P05738,YGL147C
P38792,YHR069C
P25368,YCL031C
P38701,YHL015W
P33442,YLR441C
P40033,YER050C
Q04401,YDR511W
P40963,YMR127C
Q99314,YOR213C
P34218,YBL052C
Q08230,YOL071W
P22214,YLR268W
P53824,YNL333W
Q99287,YOR165W
Q12328,YDL217C
P42941,YGR208W
P40363,YJL068C
P38778,YHR050W
P36124,YKR029C
P39709,YAL067C
Q12212,YOR137C
P37262,YCR073W-A
Q07549,YDL123W
P31109,YAL030W
P36136,YKR043C
P40092,YER150W
P36077,YKL086W
P27692,YML010W
P23615,YGR116W
P38704,YHR006W
P46655,YGL245W
P27515,YNR012W
Q08692,YOR255W
P25584,YCL056C
P19881,YDL236W
P49704,YGR091W
Q12488,YDR013W
P38615,YMR139W
P30771,YMR080C
P32862,YKL038W
P53893,YNL163C
Q12362,YOL066C
P03871,R0020C
Q02933,YPL123C
P04050,YDL140C
P08518,YOR151C
P40525,YIL052C
Q02983,YLR141W
Q12250,YDL147W
P53292,YGR165W
O14464,YPL183W-A
Q12108,YOR118W
P47052,YJL045W
P34758,YOR329C
P53036,YGL229C
P38429,YMR263W
P42223,YDR351W
P34228,YBL066C
Q00711,YKL148C
P21801,YLL041C
P40204,YFL017W-A
P32342,YKL122C
P32911,YNL244C
P36131,YKR037C
P36167,YKR091W
P46675,YLR045C
P38985,YDL092W
P47821,YNL025C
Q08646,YOR242C
Q12254,YPL163C
P38218,YBR022W
P05748,YLR029C
P0CX43,YPL220W
P27999,YGL070C
P28000,YNL113W
Q02204,YKR006C
P22224,YGL233W
Q12104,YOR166C
Q3E754,YJL136C
P28707,YKL117W
P20606,YPL218W
P53969,YNL026W
P25343,YCR009C
P26637,YPL160W
P02557,YFL037W
P18759,YBR080C
P33303,YJR095W
P40073,YER118C
P53866,YNL224C
P11484,YDL229W
P25648,YCR081W
P53312,YGR244C
Q07351,YDL048C
P53616,YNL066W
Q06339,YDR362C
P32613,YEL048C
P40302,YMR314W
P38958,YDR079W
P48567,YNL292W
Q07915,YLR009W
P22139,YOR210W
P36520,YNL284C
P07703,YPR110C
P36523,YLR312W-A
Q03305,YDR465C
P53881,YNL177C
P34087,YDR404C
P25298,YMR061W
P25299,YGL044C
P0CX48,YBR048W
P0CX38,YBR181C
P48164,YNL096C
P0C0T4,YLR333C
Q03761,YDR145W
P53916,YNL128W
Q03178,YKL164C
P25451,YER094C
P45818,YGL171W
P38630,YOR217W
P06780,YPR165W
P0CX25,YPR043W
P40962,YOR077W
P53289,YGR161C
P16370,YIL021W
P53046,YGR070W
P53196,YGL004C
P07280,YOL121C
P33757,YBR250W
Q3E752,YPR036W-A
P32572,YNL204C
P25808,YFL002C
Q12277,YDL111C
Q12149,YOR001W
P53873,YNL187W
Q04048,YDR416W
P0C0W1,YJL190C
P53882,YNL176C
P38758,YHR009C
P21524,YER070W
Q12672,YPL079W
P24000,YGR148C
P54999,YPR182W
P32910,YNR003C
P50106,YDR156W
P38330,YBR238C
P32388,YKL167C
P38337,YBR258C
Q12420,YOR308C
Q04487,YMR118C
P40571,YIR015W
Q03430,YDR494W
P38255,YBR095C
Q04002,YDR180W
Q07458,YDL076C
P40316,YDR113C
P34250,YKL105C
Q06058,YLR404W
P53011,YGL100W
Q3E785,YDR379C-A
P53598,YOR142W
P15705,YOR027W
P15179,YPL104W
P15625,YFL022C
Q04301,YMR088C
P09733,YML085C
Q12308,YPL007C
P42943,YJL111W
Q12513,YDL110C
P38967,YOL020W
P32773,YOR194C
P38811,YHR099W
Q04120,YDR453C
P34162,YHR041C
P53050,YGR249W
P11914,YHR024C
P0CY06,YCR040W
Q02866,YPL070W
P53070,YGL236C
Q03834,YDR097C
P53214,YGR023W
P43558,YFL044C
P38747,YHL013C
P35845,YAR042W
Q12451,YDL019C
P38713,YHR073W
Q02201,YKR003W
P38755,YHR001W
P21375,YJR051W
Q12524,YLR151C
P53632,YOL115W
Q99189,YOR160W
P34232,YKL186C
P46964,YOR103C
P48439,YOR085W
P39731,YAL034W-A
P38994,YDR208W
P33748,YMR037C
P38694,YHR039C
P07266,YIR021W
Q05473,YDR336W
Q12412,YOR161C
P40303,YOL038W
P36096,YKL034W
P35189,YPL129W
P09734,YML124C
Q12400,YOL093W
P43606,YFR029W
P22141,YER012W
P25635,YCR057C
P53167,YGL063W
P25560,YCL001W
P06781,YNL090W
P32855,YPR055W
P15367,YIR022W
Q07534,YDL119C
P30619,YDR164C
Q12507,YOR315W
P00447,YHR008C
P38957,YDR078C
Q12078,YLR034C
Q02776,YPL063W
Q08817,YOR353C
P40317,YDR006C
Q05676,YEL059C-A
P46995,YJL168C
Q02651,YPL027W
Q08446,YOR057W
P38247,YBR077C
P53304,YGR212W
P41901,YGR059W
Q04675,YMR059W
Q04921,YDR218C
P35184,YIR012W
P11972,YLR452C
P33894,YOR219C
P32584,YDR410C
P06784,YDL159W
Q03497,YHL007C
Q05471,YDR334W
Q04629,YDR126W
P38123,YBR175W
Q12229,YDL091C
P43554,YFL049W
P38705,YHR011W
P25594,YCL069W
P27514,YNR013C
P38204,YBL025W
P05744,YPL143W
P0CX45,YFR031C-A
P51401,YNL067W
P53140,YGL107C
P36532,YBR268W
Q06511,YPR143W
P38886,YHR200W
P53117,YGL146C
Q07829,YLL030C
P38712,YHR065C
P53256,YGR095C
P36057,YKL154W
Q08746,YOR294W
P0C0X0,YLR264W
Q08986,YPL274W
P52871,YER019C-A
P15303,YPR181C
P89102,YDR166C
P38810,YHR098C
Q04748,YMR066W
Q06217,YLR275W
P04786,YOL006C
P38925,YOL122C
P53315,YGR248W
P31377,YAL014C
P39079,YDR188W
P36166,YKR090W
P56628,YFL034C-A
P43620,YFR048W
P20434,YBR154C
P36525,YMR193W
P53724,YNR022C
P38968,YDL195W
Q12754,YPL012W
Q03954,YDR201W
P47154,YJR117W
P12866,YKL209C
P32917,YDR103W
P25567,YCL037C
P39073,YPL042C
P32867,YPL232W
P41814,YNL062C
P40528,YIL047C
P07284,YDR023W
P54003,YML052W
Q6B2U8,YAL064C-A
P47030,YJL083W
Q3E764,YLR262C-A
Q02721,YLR329W
P34219,YBL054W
P25372,YCR083W
P24720,YOR350C
Q06815,YPR079W
Q05648,YDR282C
Q12117,YDR033W
P53166,YGL064C
P00560,YCR012W
Q6Q547,YHR072W-A
P38921,YNL003C
P00950,YKL152C
P40339,YOL094C
P40975,YEL017C-A
Q12052,YPL157W
P38114,YBR150C
Q08231,YOL072W
P13099,YLR234W
Q04600,YDR117C
Q08960,YPL207W
P40538,YIL029C
P40579,YIR035C
P47101,YJR030C
Q3E775,YJR151W-A
P0C5P0,YJL197C-A
P47115,YJR056C
P40355,YJR061W
P47023,YJL114W
Q8TGN3,YJL077W-A
Q8TGT3,YJL077W-B
P47152,YJR115W
P47157,YJR120W
P47159,YJR124C
P47162,YJR128W
P47172,YJR141W
P47173,YJR142W
P47174,YJR146W
P47181,YJR154W
P47080,YJL007C
P47078,YJL009W
P47072,YJL016W
P32366,YLR447C
Q04179,YDR400W
Q8TGS9,YMR001C-A
Q3E7A6,YML007C-A
Q3E760,YMR030W-A
Q06102,YPR107C
Q03879,YMR122C
P0CX20,YDR545W
Q03434,YML039W
Q04215,YMR046C
Q12159,YDR381W
Q04214,YMR045C
Q8TGS6,YMR242W-A
Q3E782,YMR247W-A
Q03219,YMR178W
Q03231,YMR181C
Q03236,YMR187C
Q12340,YOR172W
Q05016,YMR226C
Q04018,YMR244W
Q04814,YMR252C
Q04835,YMR253C
Q04867,YMR310C
Q04869,YMR315W
Q04893,YMR317W
Q04897,YMR320W
Q04898,YMR321C
Q03730,YML018C
Q03722,YML020W
P32331,YPR058W
P0CD97,YER039C-A
Q12220,YLR129W
P53254,YGR090W
Q07951,YLR021W
P06738,YPR160W
P07274,YOR122C
Q01329,YAL043C
P30620,YMR137C
P31115,YFL001W
P46974,YJR127C
Q03516,YMR266W
Q01590,YLR026C
P53172,YGL056C
Q12334,YDL139C
P53012,YGL126W
P32915,YLR378C
Q12267,YLR086W
Q12368,YDL098C
Q06411,YLR424W
Q01852,YIL022W
O74700,YEL020W-A
Q02775,YDR088C
Q12483,YPL002C
P39931,YLR250W
P38915,YLR055C
Q12074,YPR069C
P25582,YCL054W
P38687,YPL243W
P38863,YHR172W
P46679,YMR053C
P32893,YGR166W
Q06688,YLR412W
P38699,YHR178W
P46944,YDR108W
P37297,YLR305C
P25390,YCR073C
Q03085,YPL033C
P39932,YDR536W
P32579,YGL169W
P38237,YBR058C
P53852,YNL247W
P46676,YDR310C
P31376,YAL011W
Q12286,YPR009W
Q99190,YDL015C
P53038,YGR099W
Q12239,YOL107W
P53174,YGL053W
P34217,YBL051C
P0CX35,YJR145C
P53324,YGR263C
P38345,YBR269C
Q9ZZX1,Q0070
P40090,YER147C
Q07953,YLR022C
Q04951,YMR305C
Q08985,YPL273W
P39515,YJL143W
P38282,YBR152W
P38751,YHL006C
P38839,YHR136C
P24276,YDR293C
Q03337,YDR472W
P33419,YPL124W
P01098,YDL130W-A
Q05937,YLR375W
P53277,YGR129W
P17255,YDL185W
Q03714,YML029W
P23968,YHR026W
P53146,YGL098W
P43585,YFL004W
Q12161,YOL054W
P50086,YGR232W
Q04847,YMR258C
Q00245,YIL118W
P30775,YGL143C
P41805,YLR075W
P36105,YKL006W
P0C2H7,YDR471W
P0CX39,YBL072C
P38804,YHR087W
P38990,YER129W
Q08968,YPL222W
P40357,YGR009C
P11075,YDR170C
P46965,YJR010C-A
P23201,YLL021W
P32916,YDR292C
P16965,YGR008C
P38788,YHR064C
P15624,YLR060W
P07806,YGR094W
P46677,YGR274C
P12685,YJL129C
Q08474,YOR068C
P53853,YNL246W
P32266,YOR211C
Q12198,YLL058W
P16547,YIL136W
P0CE90,YNR076W
P0CE88,YJL223C
P53179,YGL045W
P53427,YLR461W
P33760,YNL329C
Q04264,YMR076C
P53261,YGR103W
Q00618,YJL031C
P25044,YDL230W
P80210,YNL220W
Q00947,YDR463W
Q04175,YDR395W
Q06490,YPR121W
P32367,YBR123C
P32571,YDR069C
P28263,YEL012W
P40453,YIL156W
P54730,YMR067C
P25037,YDL122W
P53044,YGR048W
P36172,YKR105C
Q06263,YLR181C
P36095,YKL041W
Q05934,YLR373C
P40438,YIL173W
P32264,YDR300C
P40160,YNL207W
Q02326,YML073C
P05739,YLR448W
P51998,YML025C
P40858,YJL096W
Q03691,YMR200W
P35718,YKL144C
P40016,YER021W
P36160,YKR081C
P38992,YDR297W
Q3E7B6,YCL005W-A
P42945,YJL109C
P23202,YNL229C
P32318,YGR144W
P46678,YNL039W
P33296,YER100W
P36097,YKL033W
Q05947,YLR224W
Q12208,YLR132C
P36135,YKR042W
P40218,YMR147W
Q8TGS5,YMR272W-B
P34247,YKL099C
Q04305,YMR093W
Q05946,YLR222C
P28274,YBL039C
P35200,YLR168C
Q12215,YOL105C
Q04062,YDR427W
P0CX34,YOR182C
P0CX29,YGR118W
P39939,YER131W
P53850,YNL254C
Q05043,YMR030W
P25303,YMR214W
P39983,YEL057C
Q07657,YDL225W
Q02774,YDL212W
P14359,YJL151C
P38166,YBL102W
O94742,YDR363W-A
P06782,YDR477W
P39928,YIL147C
Q12098,YLR135W
P53327,YGR271W
P38283,YBR156C
P35735,YKL051W
Q00772,YHR030C
Q07478,YDL084W
P38241,YBR065C
P38717,YNL257C
P35209,YMR179W
P09937,YOR313C
P08458,YDR523C
Q12427,YDR169C
Q06417,YLR426W
Q07471,YDL080C
Q08579,YOR192C
P53951,YNL051W
P38782,YHR058C
Q12285,YOL111C
P32569,YER022W
Q07684,YDL233W
P40850,YNL085W
Q12205,YLR057W
P41800,YLL006W
P40457,YIL149C
P25566,YCL033C
P34077,YFR002W
Q06162,YLR315W
Q03338,YDR473C
P23594,YDL134C
P53718,YNR009W
P53935,YNL091W
Q12080,YPL146C
P12695,YNL071W
P16387,YER178W
P40897,YJL212C
P38271,YBR129C
Q12255,YLR093C
P06197,YPR113W
P29056,YGR246C
Q08921,YPL180W
Q03774,YDR165W
P38932,YGL095C
Q03944,YDR200C
P47165,YJR133W
P25651,YCR086W
P53318,YGR255C
P32378,YNR041C
P24309,YKL149C
P32601,YPR017C
Q06706,YLR384C
Q02884,YPL101W
Q05874,YLR285W
P52911,YDR261C
P38231,YBR047W
P40985,YJR036C
P32899,YHR148W
P34234,YKL183W
P47055,YJL038C
P34239,YKL176C
P38295,YBR177C
Q06567,YLR253W
P29469,YBL023C
P38264,YBR106W
Q05778,YLR199C
P36040,YKL206C
Q12310,YDL214C
P33329,YDR436W
Q12335,YDR032C
P38972,YGR061C
P41835,YPL214C
P47153,YJR116W
Q01477,YER151C
Q12164,YLL023C
Q02771,YER058W
P40100,YER185W
Q02256,YIR026C
P33312,YBR153W
P38629,YNL290W
P20433,YJL140W
P36121,YKR025W
P35196,YBR002C
Q3E757,YGR085C
P31334,YGR220C
P10664,YBR031W
P36534,YPL173W
P13433,YFL036W
Q02773,YML091C
P32565,YIL075C
Q12377,YDL097C
Q3E7Y3,YLR367W
P0CX30,YPR132W
P32905,YGR214W
P22438,YGR171C
P38756,YHR003C
P53230,YGR046W
P35169,YJR066W
Q07993,YLR070C
Q3E820,YBR196C-A
Q3E731,YLL018C-A
P35206,YBR036C
P47031,YJL082W
Q04772,YMR073C
Q08416,YOR044W
P39005,YJL174W
Q04431,YDR532C
P38139,YBR204C
P39526,YJL207C
P32787,YJR144W
P32389,YNL103W
Q00723,YGR075C
P40506,YIL083C
P38208,YBL018C
P32838,YNR032W
P04161,YDR408C
P39933,YPR186C
P27796,YIL160C
P53257,YGR096W
Q02208,YKR010C
P40310,YJL093C
P36164,YKR088C
P33753,YKR056W
P54885,YOR323C
Q08931,YPL192C
P15938,YKR086W
P33411,YGR006W
P08456,YER026C
P40212,YMR142C
P46990,YJL177W
P0CX44,YGL135W
P0CH08,YIL148W
Q12508,YDR255C
Q12487,YOR150W
P40856,YJL098W
P36123,YKR028W
P38786,YHR062C
Q04053,YDR425W
P36119,YKR023W
P32786,YBL014C
P05756,YDR064W
P46959,YJL125C
P38869,YHR181W
P39077,YJL014W
P38254,YBR094W
P38355,YBR287W
P38809,YHR097C
Q04116,YDR451C
P43539,YFL065C
P38616,YNL160W
Q8TGU1,YGL188C-A
P36060,YKL150W
P28795,YDR329C
P50861,YOL143C
Q12008,YDL021W
P32634,YER132C
P27616,YAR015W
P38234,YBR052C
Q07844,YLL034C
P0CX42,YER117W
P04456,YOL127W
P53221,YGR034W
P49626,YDR012W
P25441,YDL150W
P22353,YJL063C
P40693,YNL002C
P38064,YBL038W
Q08723,YOR261C
Q12049,YPR045C
P53072,YGL232W
P40468,YIL129C
Q08693,YOR256C
P40061,YER093C
P12887,YML021C
P32913,YOR132W
Q03785,YDR247W
P39548,YAR028W
D6VPM8,YAR023C
P38299,YBR184W
P81450,YML081C-A
Q12166,YOR108W
P36007,YKL218C
P32783,YBR236C
P36051,YKL165C
P43619,YFR047C
P05150,YJL088W
Q05518,YDR348C
P53112,YGL153W
Q03289,YDR459C
P10834,YGR222W
P07269,YDL106C
P17442,YGR233C
P20053,YPR178W
P42946,YJL108C
P32772,YDL169C
P41544,YJL004C
P23255,YCR042C
P11325,YLR382C
Q08224,YOL055C
P35691,YKL056C
P38228,YBR044C
P53220,YGR033C
P36142,YKR051W
P53215,YGR024C
P38288,YBR162C
Q03322,YDR468C
P07285,YDR354W
P32588,YNL016W
P30656,YPR103W
Q08003,YLR073C
Q00816,YDR028C
P36144,YKR060W
P47006,YJL148W
P10964,YOR341W
Q12745,YLR440C
P38688,YPL210C
Q04477,YMR117C
Q06506,YPR137W
P46784,YMR230W
P25381,YCR045C
P40042,YER066W
P36085,YKL072W
P38359,YBR294W
Q12325,YLR092W
P26783,YJR123W
P0CX36,YHR203C
Q12416,YOR083W
P40157,YNL212W
Q12363,YOR230W
P40520,YIL059C
P53110,YGL159W
P53222,YGR035C
Q12257,YDL177C
Q3E7Z3,YIR018C-A
P53225,YGR039W
Q12392,YDR034C-C
Q12485,YGR038C-A
P43578,YFL015C
Q03780,YDR239C
P0CX66,YER159C-A
P53183,YGL039W
Q07950,YLR020C
P39974,YEL073C
P25354,YCR007C
Q12459,YDL039C
P33297,YOR117W
P47116,YJR059W
P25378,YCR027C
P53437,YMR270C
P38805,YHR088W
P39516,YJL191W
P0CX52,YDL083C
P0CX47,YDR025W
P38314,YBR214W
P53189,YGL028C
P06105,YJL080C
Q12153,YDR312W
P20424,YPR088C
P42845,YNL309W
P53540,YNL126W
Q99394,YOR115C
Q12133,YLR066W
P06783,YKL178C
Q12020,YLR082C
Q06010,YLR389C
P39007,YGL022W
P53599,YNR031C
Q07084,YLR006C
P39015,YLR150W
P25604,YCL008C
P29453,YLL045C
P0CX86,YDL184C
P38764,YHR027C
P23248,YML063W
P0CX33,YLR287C-A
Q05515,YDR346C
P50101,YMR304W
P39706,YAR003W
P36104,YKL018W
P40463,YIL135C
P43580,YFL012W
P35723,YKL065C
P0CX16,YEL076C-A
P53108,YGL161C
Q12293,YOR343W-A
P48559,YNL304W
Q12501,YOR343W-B
P53891,YNL165W
P35725,YKL063C
P53910,YNL140C
Q05898,YLR296W
Q06813,YPR078C
Q2V2P3,YKL023C-A
P0C2J3,YLR410W-B
P0CE97,YLR159W
Q04049,YDR419W
P53835,YNL279W
P32523,YLL036C
P38291,YBR167C
P38089,YBR125C
P38796,YHR075C
P38797,YHR076W
P05749,YLR061W
P43588,YFR004W
P39956,YER169W
Q05636,YDR280W
P35997,YKL156W
P28584,YKR050W
Q3E794,YBR072C-A
P53156,YGL081W
P50089,YGR237C
P0CX94,YER190C-B
P40455,YIL152W
P53956,YNL046W
P53975,YNL019C
Q3E7B3,YPR108W-A
P38555,YER031C
Q99326,YOR338W
Q99395,YPL229W
Q12130,YLR112W
Q08245,YOL109W
P36083,YKL075C
P54786,YML109W
P36103,YKL023W
P47087,YJR012C
Q08208,YOL041C
P40585,YIR041W
P0CE87,YPL282C
Q07987,YLR037C
P38155,YBR301W
P0CE89,YIL176C
P25578,YCL004W
Q12006,YOL003C
P53203,YGR004W
P38969,YOR266W
P36110,YKR013W
P40040,YER063W
P48560,YNL300W
Q04183,YDR407C
P53147,YGL096W
P40537,YIL031W
Q04235,YML005W
P38959,YDR080W
P38739,YHL028W
P43582,YFL010C
Q12512,YOL154W
Q3E755,YBR200W-A
P87283,YDR274C
P0C5L7,YDR118W-A
P42942,YGR210C
P40001,YEL008W
P53326,YGR266W
Q03619,YER160C
P39978,YEL067C
P25349,YCR004C
P36018,YKR014C
Q08465,YOR064C
P53906,YNL146W
Q02749,YPL068C
O13574,YLR255C
P0CE96,YLR156W
P38318,YBR220C
P47033,YJL078C
Q03290,YDR460W
P40533,YIL039W
P87108,YHR005C-A
P09880,YJL087C
P00931,YGL026C
P38820,YHR111W
P49957,YML014W
P38187,YBL067C
P47049,YJL048C
P38759,YHR012W
P38321,YBR225W
O43137,YBR085C-A
Q8TGK4,YBR298C-A
Q3E818,YDR194W-A
P38780,YHR054C
P38716,YHR112C
P40497,YIL092W
Q03482,YDR210W
P43617,YFR045W
Q3E774,YDL159W-A
P53132,YGL118C
Q03099,YML133C
Q8TGR9,YPL152W-A
P42947,YJL107C
P34249,YKL102C
O13578,YLR415C
P40574,YIR018W
P53074,YGL230C
Q8TGK1,YHR213W-B
P38763,YHR022C
P38966,YDR089W
Q03205,YDR042C
P28625,YMR152W
P40326,YGR269W
Q12316,YGR161C-D
P25630,YCR050C
P53093,YGL198W
P25383,YCL020W
Q3E7Y8,YOL155W-A
P53952,YNL050C
P53947,YNL058C
Q6Q5H1,YPR158C-C
Q06594,YPR195C
P53057,YGL259W
Q04276,YMR082C
Q08984,YPL272C
P0CX68,YLR035C-B
Q04978,YML053C
P53908,YNL143C
Q12139,YPR022C
P36138,YKR045C
Q06251,YLR177W
P0CX97,YPL283W-B
P38311,YBR209W
Q08182,YOL028C
Q8TGU2,YFR032C-B
P39991,YEL025C
Q2V2P7,YDR461C-A
P0CX95,YEL077W-A
P25639,YCR061W
P40551,YIL012W
P0CT86,YJR107C-A
Q3E743,YJR112W-A
Q3E766,YMR175W-A
Q04706,YML045W-A
Q3E7Z2,YNL042W-B
Q06328,YDR352W
P53740,YNR048W
P53752,YNR066C
P53736,YNR040W
Q12528,YLR111W
Q12042,YPL162C
Q07688,YDL235C
Q07834,YLL032C
P0C5P2,YKL100W-A
O13548,YPR099C
P0C2I9,YPR137C-B
Q2V2P2,YKL065W-A
P25591,YCL063W
Q12024,YOR272W
Q05919,YLR360W
Q04338,YMR197C
Q06385,YDR372C
P40151,YNL218W
P53097,YGL193C
O13536,YHR139C-A
P43538,YFL066C
A0A023PYF4,YER145C-A
Q3E817,YFL041W-A
P0CX71,YER137C-A
P37265,YCR041W
Q8TGJ1,YOL166W-A
Q08234,YOL075C
P53749,YNR063W
Q6B0W2,YPR014C
Q03207,YML122C
Q8TGQ7,YPR159C-A
Q12110,YLR049C
Q12152,YPL150W
Q3E825,YLR307C-A
P34231,YKL187C
Q06204,YLR446W
P53735,YNR039C
Q06216,YLR273C
P07270,YFR034C
Q04545,YML081W
P53134,YGL114W
P38835,YHR131C
P0CX67,YGR161C-C
Q12079,YPR027C
Q04636,YML069W
P21372,YBR237W
Q08553,YOR179C
P40003,YEL005C
Q06466,YPR157W
P43123,YDL103C
Q03161,YMR099C
Q12463,YOL124C
Q06685,YLR410W
Q92331,YOR069W
P0CX91,YHR212W-A
P43597,YFR016C
Q05451,YHR050W-A
Q07629,YDL218W
Q04170,YDR391C
P39971,YEL076C
P47062,YJL028W
P38220,YBR027C
P40560,YIL001W
P40448,YIL163C
P53748,YNR062C
Q06325,YDR349C
P53729,YNR029C
Q08900,YOR376W
Q04299,YMR087W
Q02961,YPL113C
Q02754,YPL067C
P40896,YJL213W
P34240,YKL175W
P32356,YDR001C
P54837,YML012W
Q03855,YDR098C-B
Q07746,YDL242W
P53144,YGL101W
P40483,YIL108W
P0C2I3,YDR365W-B
P0C5N0,YFR010W-A
Q3E838,YFR012W-A
Q3E7B7,YDL085C-A
P0C5M1,YDR371C-A
Q04585,YDR109C
P40082,YER135C
Q99315,YGR109W-B
Q96VH3,YCL021W-A
P37263,YCR087C-A
Q3E819,YCR108C
Q12402,YPR028W
Q12322,YOL114C
P53976,YNL018C
P0CD98,YLL053C
Q12040,YOR283W
Q3E7A5,YOL164W-A
Q06595,YPR196W
Q3E814,YLL006W-A
Q08989,YPL277C
P0CY03,YLR156C-A
Q02826,YPL080C
P38962,YDR084C
P38067,YBR006W
Q03388,YDR485C
P38201,YBL029W
P32792,YHR017W
P38293,YBR173C
P39564,YAR068W
Q2V2Q3,YBR201C-A
Q12301,YDL180W
Q04093,YDR444W
P0CG63,YLL039C
P38357,YBR292C
P40519,YIL060W
Q99231,YDR210C-D
P53307,YGR219W
P53122,YGL138C
P38729,YHL042W
O74302,YDR261C-C
Q12331,YDR262W
Q12235,YLL055W
Q8TGS0,YOR161C-C
P53962,YNL035C
P53960,YNL040W
P53870,YNL193W
Q3E767,YNL067W-B
Q12486,YOR131C
Q3E769,YOL159C-A
Q12523,YPL247C
Q6Q5F3,YPR053C
P40323,YPL073C
P53177,YGL050W
P22515,YKL210W
Q08926,YPL186C
Q06078,YLR409C
P38627,YJR103W
P40890,YJL222W
Q03390,YDR486C
P47822,YDR308C
P33334,YHR165C
P38698,YHR201C
P32598,YER133W
P20457,YKL045W
Q02724,YPL020C
P32788,YBL010C
O13527,YAR009C
Q03612,YER138C
P10356,YER152C
P38722,YHL049C
P53231,YGR050C
Q04597,YDR114C
P25617,YCR016W
P39953,YEL006W
P34225,YBL060W
Q08964,YPL216W
Q08994,YPR203W
Q3E832,YOR072W-B
Q3E751,YPL119C-A
Q3E7A7,YKL018C-A
P40476,YIL117C
Q12498,YPL156C
P49723,YGR180C
P32776,YDR311W
P53851,YNL253W
P53250,YGR080W
P38842,YHR140W
Q12240,YDR215C
P0CX19,YHR214W
Q3E7Z4,YIL046W-A
P0C5N1,YGL014C-A
P38867,YHR177W
Q03983,YDR179W-A
P40556,YIL006W
P25361,YCR043C
I2HB70,YMR316C-A
Q03823,YMR160W
Q04670,YMR050C
Q3E842,YMR122W-A
P40211,YMR141C
P38746,YHL014C
Q12697,YOR291W
P38146,YBR264C
P25036,YOR003W
Q08187,YOL029C
P38298,YBR183W
P0CX58,YPR137C-A
P47014,YJL132W
P47022,YJL118W
Q07963,YLR024C
Q04436,YMR103C
P46956,YJL117W
P32524,YJL203W
P10355,YER153C
P17890,YNL151C
Q06103,YPR108W
P0CX31,YER074W
Q12109,YOL097C
P36165,YKR089C
Q12252,YOL084W
P25375,YCL057W
Q06709,YLR387C
Q02753,YBR191W
P32496,YFR052W
Q3E811,YLR162W-A
P15180,YDR037W
P53394,YPR003C
P08425,YPR047W
P38326,YBR231C
Q12297,YPL011C
Q06563,YLR251W
P38854,YHR159W
P40957,YGL086W
Q08777,YOR306C
Q12057,YOR104W
P50947,YNL097C
Q12428,YPR002W
P36081,YKL077W
P00958,YGR264C
P47183,YJR156C
P39944,YER144C
Q07986,YLR036C
P17157,YPL031C
P23724,YBL041W
Q08217,YOL045W
Q03088,YPL032C
P53032,YGL162W
P38354,YBR285W
P0C5L4,YBR121C-A
Q12490,YBL005W-B
Q04705,YML047C
P19736,YDL030W
P23639,YML092C
P40968,YDR364C
P20095,YNR011C
P13393,YER148W
P52492,YOR339C
P15565,YDR120C
P19812,YGR184C
P52490,YDR092W
P39728,YAL037W
Q03935,YDR259C
Q12260,YBL100W-A
P38253,YBR090C
Q3E7Z8,YCR024C-B
Q8J0M4,YCL012C
Q12496,YOL098C
Q08912,YOR389W
P40169,YNL194C
Q12244,YLL054C
Q06522,YPR147C
P36086,YKL071W
Q06523,YPR148C
P0CY02,YLR154C-H
P0CX75,YLR227W-A
P39529,YJL206C
P32527,YGR285C
P38317,YBR219C
P39563,YAR064W
P40917,YOR028C
Q3E756,YBL029C-A
P46683,YPL239W
Q3E741,YAL037C-A
P38750,YHL008C
P25654,YCR090C
Q03856,YDR098C-A
P53151,YGL088W
Q06676,YDR319C
Q03533,YMR291W
Q03327,YDR470C
Q07468,YDL077C
P53950,YNL054W
Q07655,YDL224C
Q03433,YML041C
P53832,YNL283C
P25297,YML123C
P53037,YGR170W
P04802,YLL018C
Q02875,YPL105C
Q12000,YOR091W
P43637,YGL179C
P34760,YML028W
P38342,YBR265W
P25608,YCR102C
P25606,YCR100C
P53278,YGR130C
P40093,YER156C
P43552,YFL051C
P40049,YER076C
P38868,YHR180W
P53287,YGR151C
P0C1Z1,YDR524W-C
Q3E787,YCR095W-A
Q3E737,YJL047C-A
P41920,YDR002W
A2P2R3,YMR084W
Q04711,YML045W
O13559,YLR466W
P0CX69,YMR051C
Q12346,YPR071W
Q3E7Z1,YNL146C-A
Q2V2P0,YPR145C-A
Q02981,YPL109C
P39542,YJL193W
A0A023PZG4,YLR236C
Q12155,YLR050C
Q03675,YMR007W
P36151,YKR070W
P36158,YKR078W
Q06252,YLR179C
O13587,YPR096C
Q12436,YLR130C
P38236,YBR057C
P39552,YAR033W
P13712,YBR195C
P32334,YGR014W
O75012,YDL045W-A
P53604,YNR049C
Q03455,YDR205W
P28708,YKL116C
P32522,YLR067C
Q07904,YLR004C
Q12043,YOR081C
P0CF17,YML002W
P06785,YOR074C
I2HB52,YBR056W-A
Q3E7Y5,YBL111C
Q12193,YBR012W-B
Q8TGK6,YAL067W-A
P0CX65,YDR316W-A
Q03362,YDR476C
Q3E7B0,YER053C-A
P32616,YEL045C
Q03483,YDR210W-A
P38864,YHR173C
P0C5M0,YDR320W-B
P40097,YER181C
P39989,YEL028W
P40004,YEL004W
Q8TGN5,YIL105W-A
Q2V2P4,YIL156W-B
P25631,YCR051W
Q08321,YOL160W
Q8TGS1,YOR032W-A
O14468,YOR304C-A
P53878,YNL181W
Q08971,YPL225W
P36087,YKL070W
Q12351,YOR012W
P34248,YKL100C
Q06107,YPR114W
P36153,YKR073C
O13565,YLR358C
P0CF16,YML003W
Q8TGV0,YAR035C-A
Q3E791,YAL063C-A
P0C2I4,YHR214C-C
P38900,YHR219W
Q3E763,YDR246W-A
P53234,YGR053C
P42936,YGR201C
P53133,YGL117W
P42937,YGR203W
P53039,YGR172C
P38235,YBR053C
P38070,YBR028C
Q99248,YOR019W
Q08206,YOL036W
P40168,YNL195C
P36015,YKL196C
Q06821,YPR084W
P54072,YLR152C
Q03860,YDR100W
P38349,YBR273C
P53058,YGL258W
Q04006,YDR185C
Q05776,YLR193C
P32563,YOR270C
P20795,YLR396C
Q12210,YDL009C
P25607,YCR101C
P53116,YGL149W
P53242,YGR066C
P40076,YER121W
P38727,YHL044W
P53186,YGL034C
P25347,YCR001W
P53964,YNL033W
Q12470,YNL054W-A
P53980,YNL011C
P36025,YOR062C
Q99260,YLR262C
Q92393,YOR142W-B
P40544,YIL023C
Q02203,YKR005C
P34245,YKL097C
P0C5P6,YLR163W-A
P36111,YKR015C
P47009,YJL144W
Q99296,YLR149C
Q02457,YPL128C
P40085,YER140W
P35172,YBR001C
P53874,YNL186W
P47161,YJR126C
Q08924,YPL183C
Q8TGU6,YBR182C-A
P43591,YFR007W
Q12103,YDL109C
Q07379,YDL057W
P38690,YHR033W
Q3E802,YGL006W-A
P0C5N6,YHR032W-A
P53273,YGR125W
P87287,YDR366C
P0C5M8,YER090C-A
Q12085,YGR027W-A
Q07738,YDL241W
P53272,YGR122W
Q3E6R5,YDR381C-A
P0CX63,YFL002W-A
Q8TGU4,YER175W-A
P38177,YBL086C
P43587,YFR003C
Q08634,YOR238W
Q12275,YOR093C
Q08976,YPL261C
Q12253,YLR046C
Q12251,YPR011C
Q02781,YPL062W
P03881,Q0255
Q12160,YPR063C
Q06188,YLR455W
P00927,YER086W
Q08975,YPL258C
Q05998,YLR237W
Q3E7C1,YDR079C-A
Q04304,YMR090W
P38238,YBR061C
Q03308,YPL045W
P30822,YGR218W
P42826,YGR194C
Q8TGU5,YBR296C-A
Q7M4S9,YBL113C
P43608,YFR035C
P25637,YCR059C
Q12472,YDR034C-D
P0CX96,YGR296C-B
Q03480,YDR209C
P38733,YHL037C
P40028,YER041W
A0A023PZE8,YDR157W
P40102,YER187W
P38081,YBR056W
P38243,YBR071W
P47100,YJR029W
P0C5Q3,YMR013C-A
Q04336,YMR196W
Q3E843,YMR158C-A
Q03695,YMR206W
P0CX21,YLR467W
Q8TGS7,YMR182W-A
Q08259,YOL118C
Q8TGJ2,YNR075C-A
P53747,YNR061C
Q92392,YOL103W-A
P01123,YFL038C
P53751,YNR065C
Q08990,YPL278C
P36155,YKR075C
Q06199,YLR456W
Q3E826,YKL068W-A
Q08747,YOR295W
O13549,YLR261C
P47111,YJR044C
Q8TGT6,YHR022C-A
Q99303,YDR261W-A
P43540,YFL064C
P53270,YGR117C
Q02896,YPL087W
P53217,YGR026W
P33199,YGL015C
P39999,YEL014C
P53169,YGL060W
P38083,YBR063C
P47053,YJL043W
P25384,YCL019W
P25565,YCL002C
Q2V2Q2,YCL048W-A
Q12204,YOR022C
Q12439,YOR192C-A
P32795,YPR024W
Q02209,YKR011C
Q12138,YLR125W
Q02159,YMR022W
P14682,YDR054C
P47061,YJL029C
P42949,YJL104W
P17536,YNL079C
P06786,YNL088W
P00937,YKL211C
P0C268,YBL039W-B
P46945,YGL176C
P53054,YGL262W
P38776,YHR048W
Q12111,YDR029W
Q04608,YDR124W
P53249,YGR079W
Q03787,YDR249C
Q12222,YOL128C
P53274,YGR126W
P48238,YGR153W
P40445,YIL166C
P0CF19,YOL162W
Q08270,YOL131W
Q06616,YPR174C
Q3E7A8,YNL162W-A
P53929,YNL108C
Q12169,YOR015W
Q06089,YPR098C
P0C2J4,YLR410W-A
Q12312,YLR122C
P0C5P3,YKL145W-A
Q05881,YLR287C
Q06689,YLR413W
P32804,YGL255W
P43551,YFL052W
P41812,YNL221C
Q01939,YGL048C
Q07350,YDL043C
P23394,YDR243C
P34230,YKL188C
P47148,YJR111C
P40348,YJR068W
P38251,YBR087W
P14291,YLR263W
P07263,YPR033C
P47168,YJR136C
P34111,YAL001C
P29055,YPR086W
P48231,YNL087W
Q07921,YLR010C
Q12466,YOR086C
Q08919,YPL176C
Q07381,YDL060W
Q12030,YDR167W
P50105,YMR005W
P34163,YKL140W
P35202,YOR143C
Q12004,YPR056W
Q3E790,YBR058C-A
P38793,YHR070W
P32837,YDL210W
P25386,YDL058W
P38338,YBR259W
Q3E821,YBL008W-A
P0C269,YBL100W-C
Q3E815,YHR175W-A
P38708,YHR020W
P43537,YFL067W
Q8TGT8,YGR174W-A
Q12121,YDL211C
P40488,YIL102C
P53211,YGR018C
P38277,YBR138C
Q07804,YLL012W
P40361,YJL070C
P40341,YMR089C
P53757,YNR071C
P53750,YNR064C
Q12179,YPL245W
Q04526,YML083C
Q06116,YPR117W
Q3E765,YKL183C-A
P53378,YLR212C
Q08422,YOR052C
P23254,YPR074C
P40414,YIL138C
P38825,YHR117W
Q08144,YOL018C
Q07527,YDL112W
P15732,YDR059C
P34761,YNL197C
P22543,YLR240W
P39904,YDR484W
P54787,YML097C
Q03010,YPL139C
P42839,YNL321W
O13512,YAL064W-B
P40524,YIL054W
P53089,YGL204C
P43599,YFR018C
O13535,YHR214C-B
Q03899,YDR131C
Q05497,YDR338C
P53293,YGR168C
P53243,YGR067C
P38831,YHR125W
P40101,YER186C
Q12426,YDR010C
P40449,YIL161W
Q12112,YNL284C-B
Q12012,YOR289W
P0CX59,YOR142W-A
Q3E7Y9,YOL097W-A
P53876,YNL184C
P0C2I5,YLR157C-B
P53925,YNL115C
Q12026,YLR053C
P0CE98,YLR161W
Q99278,YMR112C
P32179,YOL064C
P53920,YNL123W
Q12462,YOL147C
P53191,YGL023C
Q12245,YPL144W
Q08108,YOL011W
P00635,YBR093C
P05750,YNL178W
Q3E792,YGR027C
P43534,YFL058W
P34223,YBL058W
Q04311,YDR049W
P47142,YJR102C
Q02767,YPL065W
P40570,YIR014W
P47118,YJR067C
P21734,YDR177W
Q04767,YMR071C
P08067,YEL024W
Q03897,YDR128W
P36116,YKR020W
P31111,YDR285W
Q8TGU7,YBR126W-A
Q3E7Z6,YHL015W-A
P0C5N7,YHR073W-A
P43562,YFL040W
Q3E796,YDR182W-A
P38833,YHR127W
P53291,YGR164W
Q03494,YDR210W-B
P38775,YHR045W
Q12441,YDR210C-C
P39959,YER130C
Q3E7Z5,YIL002W-A
Q3E739,YIR021W-A
P0C289,YDR034C-A
P53275,YGR127W
P53845,YNL263C
P38239,YBR062C
P34215,YBR144C
P38185,YBL071C
Q06224,YLR277C
P40583,YIR039C
P53719,YNR014W
P38806,YHR090C
P0C271,YNL097C-B
Q3E7B9,YOR008C-A
P53912,YNL134C
Q8TGJ0,YOR394C-A
Q06247,YLR173W
P36114,YKR018C
Q12177,YLL056C
Q04773,YMR074C
Q3E804,YOR381W-A
Q08816,YOR352W
P46996,YJL163C
P54007,YLR460C
Q05854,YLR278C
O13539,YHR167W
Q07914,YLR008C
P50078,YGR221C
Q12009,YDL201W
P38334,YBR254C
Q12383,YOL125W
P43593,YFR010W
Q12151,YDR213W
Q06510,YPR140W
P39961,YER184C
Q04511,YML088W
P38142,YBR241C
P40523,YIL055C
P25650,YCR085W
Q07793,YDR261C-D
Q3E744,YGR161W-C
P53227,YGR042W
P53229,YGR045C
P38280,YBR148W
P0C2I6,YLR227W-B
P36127,YKR032W
A5Z2X5,YPR010C-A
Q06412,YLR425W
P16649,YCR084C
Q04602,YDR119W
Q07878,YLL040C
Q08831,YOR359W
P38306,YBR197C
P53056,YGL260W
P38765,YHR029C
Q3E816,YGR121W-A
P53209,YGR016W
P48568,YDL186W
P0CX61,YFL002W-B
P35736,YKL050C
Q7LIF2,YLR365W
P36092,YKL044W
Q3E810,YLR342W-A
Q06170,YLR326W
P47086,YJR011C
Q04083,YDR438W
P26370,YDL170W
P12611,YOR043W
Q02725,YPL019C
P34110,YJL154C
Q12016,YOL129W
P53241,YGR065C
P41806,YGR105W
P38194,YBL044W
P40017,YER024W
Q3E746,YHR086W-A
Q12489,YDL012C
P39992,YEL023C
P38841,YHR138C
P40052,YER079W
Q2V2P6,YGL194C-A
P53139,YGL108C
P36134,YKR041W
Q3E747,YLR363W-A
P40892,YJL218W
O13585,YPR089W
Q3E742,YLR412C-A
P40046,YER072W
P37296,YMR054W
P32319,YBL017C
P53285,YGR141W
P38150,YBR284W
P39001,YDR207C
P29340,YGR133W
Q08438,YOR054C
P38838,YHR134W
P39102,YLR090W
P38202,YBL028C
Q12266,YBL005W-A
P38829,YHR122W
Q03049,YDR541C
P38721,YHL050C
P32618,YEL043W
P39977,YEL068C
P25352,YCR025C
P47126,YJR079W
Q04471,YMR114C
P40105,YER190W
Q8TGS8,YMR105W-A
Q04223,YMR130W
P36036,YKL214C
P38815,YHR105W
Q12391,YNL284C-A
Q12506,YOR314W
Q12273,YOL103W-B
Q08172,YOL024W
P47043,YJL056C
P42840,YNL320W
Q3E841,YNR034W-A
Q07978,YLR031W
Q2V2P1,YLR146W-A
P0CF00,YLR157W-E
P46987,YJL181W
P20107,YMR243C
P0CT04,YNL015W
P00549,YAL038W
Q02783,YPL060W
P40005,YEL003W
Q06494,YPR127W
P40187,YIL045W
P08468,YMR257C
P12612,YDR212W
P18412,YBR083W
Q08687,YOR252W
Q03660,YMR218C
P53507,YNL070W
P33122,YOR344C
P25374,YCL017C
P46955,YJL116C
P38626,YIL043C
P08466,YJL208C
Q05541,YDR288W
Q99210,YOR111W
P50946,YNL099C
Q12454,YDR067C
Q06668,YDR316W
P54790,YLL004W
P32332,YKL120W
P36023,YKR064W
Q03790,YMR153W
P53297,YGR178C
P53224,YGR038W
Q06144,YLR350W
P52960,YOR363C
Q06817,YPR081C
P42883,YNL332W
Q06449,YPR154W
P40025,YER037W
Q06208,YLR453C
P53879,YNL180C
P40893,YJL217W
P23796,YMR283C
P32944,YJL187C
Q06707,YLR385C
Q04228,YML013W
P54857,YDR058C
P53552,YNL139C
P16120,YCR053W
Q8TGM6,YLR154W-C
P57744,YJR135W-A
Q03525,YMR269W
P06104,YGL058W
P32861,YKL035W
P39702,YAL002W
P40041,YER064C
P54113,YLR028C
P40395,YLR039C
Q04226,YML015C
P07273,YGL043W
Q08686,YOR251C
P48606,YOR265W
P38987,YML064C
P36101,YKL027W
P53322,YGR260W
P47045,YJL054W
P53840,YNL273W
Q06672,YLR435W
P39549,YAR029W
P0C5K9,YBL039C-A
P53253,YGR089W
Q99220,YDR057W
P38787,YHR063C
P43611,YFR039C
P35994,YKL224C
P36139,YKR046C
P20133,YPR176C
P38744,YHL018W
Q12090,YLR107W
P32379,YGR253C
P53833,YNL282W
Q05637,YDR281C
P39078,YDL143W
Q12415,YOR110W
P43604,YFR026C
P38709,YHL012W
P38088,YBR121C
P38707,YHR019C
Q07748,YDL244W
P53299,YGR181W
Q12272,YOL102C
P00912,YDR007W
P50102,YMR223W
P52491,YLR306W
P40522,YIL056W
P38329,YBR235W
Q3E778,YBR196C-B
Q12298,YDR061W
P40058,YER085C
Q12269,YGR038C-B
Q04013,YMR241W
P53185,YGL036W
P40057,YER084W
P47048,YJL049W
P40434,YIL177C
P25351,YCR023C
P12688,YKL126W
Q3E824,YOR020W-A
P36019,YNL093W
Q3E735,YOR034C-A
Q08743,YOR292C
Q03102,YML131W
Q12259,YLR108C
P0C5S1,YPR160W-A
P40166,YNL198C
P0CY04,YLR157C-C
P0CX98,YPR204C-A
Q03629,YML079W
P33324,YKL091C
Q12288,YLR126C
Q12492,YPR064W
Q06146,YLR257W
P0CE99,YLR157W-D
P53061,YGL249W
Q03177,YMR102C
P38344,YBR267W
P0CX51,YMR143W
Q08162,YOL021C
P41058,YDL061C
P42938,YGR205W
Q02863,YPL072W
P40572,YIR016W
P0C5Q1,YLR364C-A
P40362,YJL069C
P35194,YBL004W
P34241,YKL014C
P23642,YML115C
Q12045,YPL253C
Q04272,YMR077C
P53336,YGR283C
P40104,YER189W
P0C0V2,YER188C-A
P0C270,YER138W-A
P0C5M9,YFR009W-A
P38730,YHL041W
P38216,YBR016W
P38180,YBL081W
P40009,YER005W
Q08844,YOR365C
P38374,YBR162W-A
Q12010,YOL092W
P53921,YNL122C
Q06537,YPR153W
Q12182,YOR342C
P0C2J1,YPR158C-D
Q03759,YML108W
P0CX60,YPR158W-A
Q12219,YOR114W
Q03083,YPL034W
Q3E771,YLR285C-A
O13556,YLR462W
Q06991,YLR414C
P11747,YML098W
P40045,YER071C
P40413,YJR064W
Q08562,YOR191W
P52488,YDR390C
P37370,YLR337C
P32341,YKL119C
P53076,YGL227W
P21576,YKR001C
Q12206,YOR229W
P38784,YHR060W
P33418,YKL205W
P0C5L6,YDL022C-A
Q03864,YDR102C
Q08956,YPL201C
P43590,YFR006W
Q05510,YDR344C
P53120,YGL140C
Q3E750,YGL041C-B
P38223,YBR032W
P47107,YJR039W
P40586,YIR042C
Q3E837,YJL052C-A
P47131,YJR085C
P47137,YJR096W
P47139,YJR098C
P0CX14,YGR296W
Q8TGS4,YMR315W-A
P0CX22,YOR396W
P38749,YHL009C
Q3E7B5,YMR230W-A
P38430,YMR262W
Q12172,YOR162C
Q03508,YMR265C
P38087,YBR104W
P0CY01,YLL067W-A
Q06681,YDR326C
P53754,YNR068C
Q8TGS2,YOL019W-A
Q99337,YNL054W-B
Q08993,YPR202W
Q03208,YML119W
P53857,YNL234W
P40159,YNL208W
Q07967,YLR030W
P50111,YMR273C
P38141,YBR240C
P53904,YNL148C
P46670,YPL241C
P07213,YNL121C
P80967,YPR133W-A
P39967,YER098W
P36026,YKR098C
P54860,YDL190C
Q12339,YOR004W
P48412,YGR072W
Q12071,YDR027C
P0C2I2,YDR316W-B
P0CX70,YDR365W-A
Q8TGT4,YHR213W-A
Q07589,YDL144C
Q04162,YDR387C
Q3E786,YGR240C-A
Q04925,YDR222W
Q05612,YDR278C
Q3E7A2,YER078W-A
P43576,YFL019C
Q8TGT9,YGR146C-A
P40022,YER034W
Q3E830,YCR075W-A
Q3E809,YML054C-A
P39523,YMR124W
Q12458,YDR368W
Q08560,YOR186W
O13544,YLR302C
Q05867,YLR283W
Q06137,YLR345W
Q02872,YPL108W
Q07990,YLR042C
P38319,YBR223C
Q01476,YOR124C
P53262,YGR106C
P52917,YPR173C
P40489,YIL101C
P39711,YAL064W
Q12185,YDR018C
P38899,YHR218W
Q12424,YDL206W
P53265,YGR111W
P53329,YGR273C
P53210,YGR017W
P32622,YEL041W
Q2V2P5,YIL102C-A
P53107,YGL164C
Q03795,YMR155W
P0CX15,YPL283C
P38079,YBR054W
Q03263,YMR279C
Q03559,YMR295C
Q12407,YDL199C
Q03703,YML037C
Q03697,YML038C
Q08157,YOL019W
P32793,YHR016C
P46951,YGR198W
P53963,YNL034W
Q12303,YLR121C
Q3E834,YER074W-A
Q02606,YPL014W
Q06152,YLR271W
Q08282,YOL141W
P39968,YEL013W
P32912,YGL212W
P25657,YCR099C
P53071,YGL235W
P0C5N4,YHR073C-B
P53066,YGL242C
P38887,YHR202W
Q03193,YDR090C
P0CX64,YGR161W-B
Q03900,YDR132C
P43625,YFR057W
P40503,YIL086C
P40500,YIL089W
Q3E6R4,YDR524C-B
P40083,YER137C
P38215,YBR013C
P39972,YEL075C
P38315,YBR216C
P87012,YCL001W-A
P38256,YBR096W
P53584,YNL237W
Q06493,YPR125W
P51996,YGL210W
P53907,YNL144C
Q99345,YOL085C
A0A0B7P3V8,YPL060C-A
Q08748,YOR296W
Q08954,YPL199C
P0CY05,YLR159C-A
Q08486,YOR072W
Q8TGT2,YKL096C-B
P25339,YGL014W
P40328,YPL074W
P38290,YBR165W
P36017,YOR089C
P22219,YBR097W
Q3E781,YBR221W-A
Q12217,YBR012W-A
O13511,YAL065C
P0CX18,YAR066W
Q12027,YDL176W
P38745,YHL017W
P53212,YGR021W
Q8TGT7,YGR204C-A
Q07451,YDL072C
A0A023PZF2,YEL009C-A
P40446,YIL165C
P40543,YIL024C
P47024,YJL113W
P34220,YBL055C
P0CX74,YJR026W
Q3E7A3,YJL133C-A
Q8TGT0,YML100W-A
Q03648,YMR209C
Q04838,YMR254C
P0CX76,YML040W
Q12324,YOR087W
Q08734,YOR268C
P0CF20,YOL163W
Q08110,YOL014W
Q05899,YLR297W
Q02831,YPL077C
Q06163,YLR318W
P25040,YOL022C
P20049,YBR166C
P39547,YAR027W
P39538,YJL197W
P33202,YKL010C
Q04500,YML093W
P0CY00,YLL066W-A
P38752,YHL005C
Q3E789,YDR169C-A
Q45U48,YGR035W-A
Q07791,YDR261W-B
P0CX99,YFL068W
Q96VH2,YCL001W-B
Q99219,YIL082W
P34224,YBL059W
P47098,YJR027W
P47099,YJR028W
Q3E801,YJL136W-A
P40517,YIL063C
P53819,YNL339C
P0CF18,YMR085W
P0C074,YNL138W-A
Q3E7Z0,YNL277W-A
P38279,YBR147W
P53758,YNR077C
P0C2I8,YLR256W-A
Q06839,YPR097W
Q07888,YLL067C
Q3E7B4,YPL038W-A
Q06698,YLR419W
P40889,YJL225C
Q02864,YPL071C
P46992,YJL171C
P42844,YNL310C
P39076,YIL142W
Q02939,YPL122C
Q04372,YMR028W
P48561,YNL299W
Q03496,YMR259C
P38427,YML100W
P29509,YDR353W
P38152,YBR291C
P38331,YBR242W
Q12491,YBL100W-B
P38834,YHR130C
P25593,YCL068C
Q12082,YDL157C
Q3E740,YGL258W-A
P53316,YGR250C
P0CI67,YHR213W
P25350,YCR006C
Q45U18,YIL134C-A
Q12282,YOR214C
Q08910,YOR387C
P0C272,YOL013W-A
P40152,YNL217W
Q99208,YLL066C
Q12414,YPL257W-B
Q3E732,YLR264C-A
P0CE69,YKR104W
Q3E795,YLR361C-A
P40021,YER033C
P38336,YBR257W
P34227,YBL064C
Q12461,YPL152W
Q07949,YLR019W
Q02931,YPL126W
P33339,YGR047C
P38085,YBR069C
P33315,YBR117C
P89886,YER007C-A
Q06266,YLR183C
P50623,YDL064W
P41834,YOR075W
Q12241,YOR106W
Q8TGJ7,YLL066W-B
P22147,YGL173C
P33301,YDR369C
Q02792,YOR048C
P36137,YKR044W
Q06682,YDR330W
P00899,YER090W
P25572,YCL042W
P40575,YIR020C
P25577,YCL049C
P15731,YBR082C
Q06708,YLR386W
P38735,YHL035C
P53142,YGL104C
P40343,YNR006W
P40080,YER128W
P40514,YIL067C
P38893,YHR210C
Q06640,YDR306C
Q05530,YDR286C
Q03964,YDR170W-A
P0C5N3,YGL041W-A
P32386,YLL048C
P25620,YCR022C
Q08504,YOR105W
Q12243,YOR029W
P0C5R4,YOL083C-A
Q3E805,YOR376W-A
Q12088,YLR035C-A
Q86ZR7,YKL033W-A
P34251,YKL107W
P53932,YNL095C
P0CX72,YLR157C-A
Q02873,YPL107W
P0CX17,YLR464W
P53303,YGR211W
P53633,YNL044W
P47079,YJL008C
P47988,YOR337W
P53738,YNR046W
P32830,YBR091C
P33448,YOR045W
Q12059,YPL003W
P35127,YJR099W
P23643,YDR495C
P14680,YJL141C
P53100,YGL185C
P0CX93,YHR214C-D
P0C2J7,YHL009W-B
P0CX62,YGR161W-A
Q04033,YDR415C
Q12141,YGR027W-B
P47044,YJL055W
P39109,YDR135C
Q3E736,YOR192C-C
Q12113,YOR192C-B
Q05863,YLR281C
P34161,YML027W
P36032,YKL221W
P21965,YNL307C
P24279,YEL032W
P39104,YNL267W
Q12094,YOR006C
Q99344,YPR066W
P0CX57,YAR010C
Q07074,YHR007C-A
Q3E758,YHL048C-A
P48569,YDL183C
Q3E7X8,YEL077C
P38740,YHL026C
P40095,YER158C
Q04408,YDR514C
P47063,YJL027C
Q7LHG5,YIL082W-A
Q3E806,YOR316C-A
P53723,YNR021W
P32843,YMR302C
Q12274,YOR097C
Q08974,YPL257W
Q06070,YLR407W
P47090,YJR015W
P47075,YJL012C
Q03631,YML076C
Q3E762,YBR230W-A
Q8TGK0,YHR214C-E
P53155,YGL082W
Q04210,YMR040W
Q12173,YGR109W-A
P53216,YGR025W
P38870,YHR182W
Q6Q5X2,YDR034W-B
P38276,YBR137W
Q3E7Z9,YOL038C-A
P18961,YMR104C
P53049,YGR281W
P32939,YML001W
Q12484,YOR343C
Q3E807,YOR011W-A
Q08995,YPR204W
Q08909,YOR385W
P0C2J0,YPR158W-B
Q03080,YPL039W
P0CX73,YPL257W-A
Q06479,YLR352W
P40308,YMR313C
Q03640,YML072C
Q02648,YPL030W
Q06696,YLR417W
P40547,YIL017C
Q3E7Y4,YBL112C
Q3E776,YBR255C-A
Q8TGU8,YBL071C-B
Q6Q5P6,YHL009W-A
P38799,YHR078W
Q07530,YDL114W
Q3E7Z7,YDR003W-A
P43622,YFR054C
Q8TGU0,YGL007C-A
Q2V2Q0,YDL007C-A
Q07555,YDL129W
Q07454,YDL073W
Q02598,YIL014C-A
P40103,YER188W
P32329,YLR120C
Q08930,YPL191C
Q3E7Y7,YOR293C-A
P26725,YJL139C
Q08980,YPL264C
Q07927,YLR012C
P47147,YJR110W
Q05948,YLR225C
Q07895,YLR001C
Q12531,YPR015C
Q3E7A0,YKL106C-A
Q06235,YLR162W
P35995,YKL222C
Q8TGT1,YLR406C-A
Q3E813,YLR154C-G
P28320,YKL095W
P38360,YBR295W
P32943,YGR109C
Q07843,YLL033W
P32486,YPR159W
Q07887,YLL049W
P22855,YGL156W
Q04533,YML082W
P36066,YKL133C
Q04341,YDR031W
P41940,YDL055C
P25846,YHR120W
P40965,YFL003C
P32335,YLR203C
P36157,YKR077W
P38849,YHR151C
P53869,YNL211C
P33201,YKL009W
P40959,YMR004W
P36052,YKL162C
Q92317,YDR397C
P53939,YNL078W
P25353,YCR026C
P40007,YER002W
P37838,YPL043W
P34909,YER068W
Q12408,YDL046W
P33755,YBR170C
Q05166,YDL088C
P35056,YDR244W
P16862,YMR205C
P53295,YGR173W
P47104,YJR033C
Q03956,YDR202C
Q08760,YOR301W
Q12465,YLR084C
P06838,YML095C
P28519,YMR201C
P31244,YBR114W
P21827,YGL097W
P48581,YOR368W
Q03530,YMR274C
P32864,YOR370C
P10862,YCR066W
P06777,YPL022W
P32628,YEL037C
Q06891,R0030W
Q03713,YML030W
P53721,YNR018W
Q05131,YMR034C
P38622,YGL158W
P38623,YLR248W
Q04418,YDR527W
Q08096,YOL010W
P53972,YNL022C
P36054,YKL159C
Q12044,YOR220W
Q04779,YMR075W
Q9ZZX9,Q0010
Q9ZZX8,Q0017
Q9ZZX7,Q0032
Q35811,Q0092
Q9ZZW4,Q0142
Q9ZZW3,Q0143
Q9ZZW2,Q0144
Q9ZZW1,Q0182
Q9ZZV8,Q0297
P38212,YBR005W
Q03446,YDR003W
Q12270,YPL246C
P37299,YHR001W-A
P39531,YJL204C
P07256,YBL045C
P43122,YDL104C
P07257,YPR191W
P00127,YFR033C
P00128,YDR529C
P08525,YJL166W
P22289,YGR183C
P32641,YER173W
P30402,YMR271C
P40475,YIL120W
Q00578,YIL143C
P40474,YIL121W
P40352,YJR035W
P38227,YBR043C
Q12021,YDR030C
P07276,YGR258C
Q04231,YML011C
Q06665,YDR314C
P06839,YER171W
P14736,YER162C
Q05672,YDL189W
P12753,YNL250W
P38230,YBR046C
P25454,YER095W
P06778,YML032C
P22216,YPL153C
P32863,YGL163C
P38953,YDR076W
P25301,YDR004W
Q12223,YDL059C
P25332,YCR036W
P32849,YLR032W
Q99359,YDR014W
P06779,YJR052W
P14737,YDR217C
Q03778,YDR236C
Q06108,YPR115W
Q99188,YOR107W
P38339,YBR260C
P43556,YFL047W
P22336,YAR007C
P26754,YNL312W
P40188,YIL057C
Q99258,YDR487C
Q12142,YDL149W
P12904,YGL115W
P53630,YNR057C
P19414,YLR304C
Q12291,YLR063W
Q12471,YOL136C
P53858,YNL233W
P26449,YOR026W
P35817,YLR399C
Q07442,YDL070W
P39988,YEL029C
P53727,YNR027W
P53226,YGR041W
P25612,YCR107W
P53286,YGR142W
Q07716,YDL237W
Q12156,YDR063W
P14772,YLL015W
P40351,YOR067C
P39721,YAL049C
P10127,YGL256W
P07246,YMR083W
P53868,YNL219C
Q12032,YOR215C
Q99299,YPL158C
P15202,YDR256C
P53836,YNL278W
P53934,YNL092W
P47019,YJL122W
Q12089,YPL005W
P50076,YGR227W
P32493,YMR064W
Q04412,YDR524C
P53178,YGL047W
P53309,YGR241C
P36012,YKL049C
Q12028,YPR029C
P32629,YEL036C
P16550,YCL050C
P22108,YDR530C
P15274,YML035C
P47167,YJR135C
P38265,YBR107C
Q12102,YLR115W
P38907,YDR254W
Q06702,YLR307W
Q06703,YLR308W
Q02732,YPL018W
P14904,YKL103C
P53298,YGR179C
P38221,YBR029C
P32457,YLR314C
P0CX77,YLR157C
Q04371,YMR027W
Q12165,YDL004W
Q12349,YLR295C
P47082,YJR001W
P39981,YEL064C
Q06032,YLR394W
Q03654,YMR213W
P06704,YOR257W
P09119,YJL194W
P19073,YLR229C
P25656,YCR094W
P41733,YLR459W
P37366,YPR025C
P00546,YBR160W
Q06819,YPR082C
Q06143,YLR348C
P37298,YDR178W
P35497,YJR159W
Q07786,YDL246C
P69771,YKR035W-A
P36108,YKL002W
P00431,YKR066C
O13577,YLR437C
Q03063,YPL049C
Q03373,YDR480W
P07262,YOR375C
P39708,YAL062W
P41819,YPL266W
P17898,YNL130C
P0CX13,YML132W
P47117,YJR065C
P38986,YDR321W
P80428,YJL081C
P53946,YNL059C
Q12509,YLR085C
Q12406,YPR034W
Q12386,YOR141C
Q05123,YMR033W
P38328,YBR234C
P53731,YNR035C
Q05933,YLR370C
P33204,YKL013C
P40518,YIL062C
Q04549,YDR106W
Q06834,YPR093C
P22768,YOL058W
P04076,YHR018C
Q06598,YPR201W
Q06671,YLR431C
Q06321,YLR189C
P32381,YDL029W
P46989,YJL178C
Q12092,YPL166W
P38316,YBR217W
Q06628,YPR185W
P53855,YNL242W
Q12421,YDR022C
P38270,YBR128C
P40458,YIL146C
Q06485,YLR356W
Q12292,YOL083W
P46983,YJL185C
Q05789,YLR211C
Q06159,YLR312C
P25641,YCR068W
Q03818,YMR159C
Q06410,YLR423C
P40344,YNR007C
Q99325,YOR152C
Q12048,YPL250C
P38109,YBR139W
P43601,YFR021W
P35193,YOL082W
P53104,YGL180W
P53867,YNL223W
Q07528,YDL113C
Q02887,YPL100W
P47146,YJR108W
P38176,YBL089W
Q03771,YDR161W
P36149,YKR068C
P38346,YBR270C
P47041,YJL058C
Q06604,YPR171W
P37898,YHR047C
P38084,YBR068C
P41815,YDR046C
P12630,YIL015W
P21147,YGL055W
P43571,YFL025C
P08521,YOR302W
P38720,YHR183W
P53890,YNL166C
P38934,YOR198C
P41695,YGR188C
P40471,YIL124W
Q12226,YLL063C
Q12476,YDL175C
P32375,YIR027C
Q08902,YOR378W
P41696,YOR113W
P46367,YOR374W
Q12013,YOR034C
P29589,YHR093W
Q9ZZX0,Q0075
P52923,YNR074C
P43633,YGL021W
P14066,YDL069C
P33304,YDR085C
Q12449,YDR214W
Q08957,YPL202C
P53068,YGL240W
Q12157,YDL008W
Q12107,YLR102C
P53943,YNL065W
P53111,YGL157W
P40024,YER036C
Q03941,YDR196C
Q04413,YDR525W
P40527,YIL048W
Q08409,YOR011W
P19880,YML007W
Q99186,YOL062C
P24813,YDR423C
Q12675,YDR093W
P0CZ17,YLR155C
P32448,YDL197C
P08566,YDR127W
P53895,YNL159C
Q08236,YOL078W
P25300,YCR038C
P38041,YBL085W
P53841,YNL269W
Q12128,YOR134W
P03874,YHL038C
P36038,YKL208W
P32657,YER164W
P32347,YDR047W
P25574,YCL045C
P53073,YGL231C
P38819,YHR110W
Q12003,YPL236C
Q04952,YMR306W
P25585,YCL058C
P53913,YNL133C
P37261,YCL026C-A
P38310,YBR207W
P38348,YBR272C
P53389,YNR055C
P25619,YCR021C
Q04432,YDR533C
Q08992,YPL280W
Q08914,YOR391C
Q12329,YDR171W
P19882,YLR259C
P20050,YIL072W
P10591,YAL005C
P53187,YGL033W
Q05827,YMR251W-A
P10592,YLL024C
P09435,YBL075C
P22202,YER103W
Q12214,YPR068C
P53096,YGL194C
Q02959,YPL116W
P0CS90,YJR045C
P40480,YIL112W
P33416,YDR258C
P32590,YBR169C
P48570,YDL182W
Q12122,YDL131W
P36078,YKL084W
Q03213,YMR172W
P39987,YEL030W
P32589,YPL106C
Q05931,YLR369W
P02829,YPL240C
P53892,YNL164C
P46958,YJL146W
P39730,YAL035W
P07342,YMR108W
P43579,YFL013C
P40154,YNL215W
Q12345,YLR052W
Q08561,YOR189W
P40060,YER092W
P32617,YEL044W
P38912,YMR260C
P40499,YIL090W
P15496,YPL117C
P23301,YEL034W
P43598,YFR017C
P19211,YJR047C
P20459,YJR007W
Q12263,YDR507C
P38431,YPR041W
Q07788,YDL248W
P38930,YOR039W
P39103,YML129C
P33307,YGL238W
Q08977,YPL260W
P38913,YDL045C
P36022,YKR054C
P39540,YJL196C
P00924,YGR254W
P40319,YLR372W
P07277,YMR208W
P46671,YMR052W
P08640,YIR019C
Q00055,YDL022W
Q12276,YOR227W
Q08109,YOL013C
P32464,YKL189W
P38284,YBR157C
P00724,YIL162W
P18963,YBR140C
Q12265,YOL061W
P33399,YDL051W
Q04396,YDR503C
P36016,YKL073W
Q03503,YPR051W
Q12387,YOL076W
Q02197,YEL053C
P23059,YCR020C-A
Q04751,YMR069W
P32505,YGL122C
P38996,YPL190C
Q03735,YML117W
P08964,YHR023W
P19524,YOR326W
P23503,YNL240C
P36006,YKL129C
P32492,YAL029C
Q03429,YDR493W
Q08229,YOL070C
Q3E7Y6,YHR199C-A
P38879,YHR193C
Q02642,YPL037C
P40314,YDR252W
P53919,YNL124W
Q8TGN9,YGR031C-A
Q04439,YMR109W
P52919,YLR457C
Q12163,YDR162C
P53914,YNL132W
P12945,YDL040C
P37293,YGR147C
P52920,YGL091C
Q06504,YPR131C
Q08689,YOR253W
P36059,YKL151C
Q06148,YLR265C
P36010,YKL067W
P40165,YNL200C
P38769,YHR035W
Q06201,YLR445W
P41911,YOL059W
Q6Q560,YER048W-A
Q06667,YDR315C
P30606,YOL103W
Q12390,YLL060C
P40531,YIL041W
P13434,YBL021C
Q02516,YOR358W
P38625,YMR217W
P48566,YNL293W
P48365,YDL234C
P43570,YFL027C
P28789,YDL205C
Q12060,YPL254W
P34253,YKL110C
P32478,YJL159W
P47034,YJL077C
P23585,YMR011W
P40885,YJL219W
P53115,YGL150C
P43596,YFR013W
P53153,YGL085W
P32895,YKL181W
P28496,YKL008C
P38210,YBL006C
P49954,YLR351C
P47074,YJL013C
P11746,YMR043W
P25573,YCL044C
P40081,YER134C
Q12019,YLR106C
P22211,YNL183C
P38837,YHR133C
P39923,YEL062W
P53898,YNL156C
Q12457,YDR026C
Q12143,YPL233W
P38742,YHL023C
P40354,YJR062C
P39683,YOR209C
P36161,YKR082W
P49687,YGL092W
P40064,YER105C
P40477,YIL115C
Q04958,YML059C
P38181,YBL079W
P53164,YGL067W
P47054,YJL039C
P31378,YAL015C
Q08214,YOL043C
Q02205,YKR007W
P29467,YER044C-A
P53271,YGR120C
Q12096,YOR320C
P40481,YIL110W
P69852,YKL138C-A
P25038,YOL023W
P40051,YER078C
Q9P305,YHR132W-A
P47170,YJR138W
P53119,YGL141W
P53843,YNL265C
P36035,YKL217W
P53901,YNL152W
P13134,YNL238W
P09620,YGL203C
Q12055,YDL166C
Q08550,YOR177C
Q12411,YOL091W
P38439,YOR123C
Q04081,YDR435C
P06208,YNL104C
Q12342,YDL146W
Q00539,YHR086W
Q12181,YPR048W
P38757,YHR004C
Q03435,YDL002C
P32500,YML031W
P32495,YDL208W
P11632,YPR052C
P11633,YBR089C-A
P40460,YIL144W
Q08887,YOR372C
Q06568,YLR254C
Q08444,YOR056C
P32494,YDR176W
Q08213,YOL042W
Q03264,YMR285C
Q03210,YML118W
Q06287,YLR186W
P39744,YOR206W
P40215,YMR145C
P38830,YHR124W
Q07500,YDL085W
Q07896,YLR002C
Q06512,YPR144C
P38999,YNR050C
P40513,YIL070C
P53206,YGR012W
P39534,YJL199C
P53237,YGR057C
P41910,YDR005C
P27636,YAR019C
P25333,YCR008W
Q12180,YOL089C
P0CE41,YLR256W
Q08484,YOR070C
P07278,YIL033C
Q02196,YKL001C
P11927,YNL188W
P07170,YDR226W
P38692,YHR102W
P17119,YPR141C
P25583,YCL055W
P20485,YLR133W
Q04746,YMR065W
P32526,YPL269W
P04912,YBL003C
P39996,YEL017W
P41277,YIL053W
P40106,YER062C
P39734,YAL028W
P43581,YFL011W
P39946,YOR269W
O14467,YOR298C-A
P53390,YPR138C
P34072,YNL076W
P25847,YOL090W
Q07938,YLR017W
Q12175,YDL154W
P46151,YPL023C
P25588,YCL061C
P53128,YGL125W
P22148,YOL116W
P53062,YGL247W
P43573,YFL023W
P36064,YKL137W
P46947,YGL174W
P24784,YPL119C
Q12497,YDR070C
Q07651,YDL222C
P19145,YKR039W
P39732,YAL031C
Q03016,YPL137C
Q03768,YDR152W
Q12418,YLR094C
Q03833,YDR096W
Q04233,YML006C
P25346,YCR098C
P18852,YJR086W
P36125,YKR030W
P38682,YER122C
P38211,YBR004C
Q08886,YOR371C
P51979,YGL251C
P38274,YBR133C
P12684,YLR450W
P45820,YGL168W
P04806,YFR053C
P32467,YHR092C
P25045,YMR296C
P40970,YDR062W
P53966,YNL029C
P49367,YDR234W
P03873,Q0110
P41948,YNL142W
O60200,YKL053C-A
Q3E798,YLR099W-A
P32906,YJR131W
P53745,YNR059W
P29952,YER003C
P53141,YGL106W
Q06580,YPR188C
P53195,YGL005C
P00424,YNL052W
P40217,YMR146C
P00925,YHR174W
P53200,YGR001C
P05453,YDR172W
Q06205,YLR449W
P43592,YFR008W
P32768,YAR050W
Q05498,YDR339C
Q12099,YDR021W
Q12393,YLR091W
P33893,YBL080C
P38068,YBR014C
P35843,YOR237W
P06775,YGR191W
P00498,YER055C
Q12373,YLL022C
P40079,YER127W
P32874,YMR207C
P32769,YKR084C
Q05905,YLR301W
P49775,YDR305C
P09932,YDL227C
P0CY13,YCR096C
Q05164,YOL155C
P0CY11,YCR097W
Q12296,YOL060C
P38300,YBR185C
P17709,YCL040W
Q6Q546,YNR032C-A
P38217,YBR017C
P47912,YMR246W
Q04781,YMR247C
P03879,Q0120
P32259,YNL236W
P47169,YJR137C
P36046,YKL195W
P23748,YMR036C
P53311,YGR243W
P40002,YEL007W
P53968,YNL027W
P00175,YML054C
Q03981,YDR179C
Q03220,YMR180C
P40312,YNL111C
P20449,YOR046C
P24783,YNL112W
P33317,YBR252W
Q08729,YOR264W
Q08225,YOL057W
Q04089,YDR440W
Q02979,YPL110C
P46957,YJR006W
P38246,YBR076W
P38125,YBR180W
P53720,YNR015W
P25358,YCR034W
Q12320,YOR040W
Q12680,YDL171C
P47155,YJR118C
P43615,YFR043C
P21190,YJR094C
Q03824,YMR163C
P50942,YNL106C
P53035,YGL209W
Q06098,YPR106W
P53193,YGL018C
P21374,YJR050W
Q08773,YOR304W
Q02888,YPL099C
Q06346,YDR367W
P38853,YHR158C
P22517,YOL016C
P25389,YCL024W
P17423,YHR025W
P40577,YIR025W
Q12494,YDR017C
Q08448,YOR059C
P47016,YJL126W
P07866,YAL024C
P53091,YGL201C
P29496,YLR274W
P32459,YIR032C
P47029,YJL084C
P38013,YLR109W
P22580,YDR242W
P14905,YDR197W
Q04199,YML102W
P22149,YGL071W
P43548,YFL055W
P38090,YBR132C
P53886,YNL172W
P0CD90,YLL052C
P53933,YNL094W
P40532,YIL040W
P07249,YMR042W
P05626,YPL078C
P00830,YJR121W
P25558,YCL014W
P39714,YAL060W
Q08754,YOR299W
Q08280,YOL137W
P15703,YGR282C
P43568,YFL029C
Q03758,YML111W
P40986,YDR182W
Q06697,YLR418C
P40564,YIR004W
P39517,YDL160C
P36152,YKR071C
P47110,YJR043C
P36041,YKL204W
P15436,YDL102W
Q03212,YMR171C
P40318,YIL030C
P36037,YKL213C
P47027,YJL090C
P21951,YNL262W
P24482,YPR175W
P27344,YBR278W
P47013,YJL134W
P23501,YKR053C
Q04603,YDR121W
P15801,YOR330C
Q04949,YMR299C
P53208,YGR015C
P38774,YHR044C
P38773,YHR043C
P47120,YJR070C
P32770,YDL167C
P36049,YKL172W
P33309,YNL001W
Q05610,YDR273W
Q03921,YDR141C
Q03466,YDR206W
P07807,YOR236W
P53255,YGR093W
P54858,YDR068W
Q05871,YLR284C
Q06337,YDR359C
P48235,YGR146C
Q99247,YOL087C
Q12432,YPR023C
P39995,YEL018W
Q04110,YDR446W
O13529,YHR021W-A
P38195,YBL043W
P43616,YFR044C
P38149,YBR281C
P53871,YNL191W
P47128,YJR082C
P39009,YDL101C
P53911,YNL136W
P53168,YGL061C
P32892,YLL008W
P38836,YHR132C
P35195,YBL001C
Q04623,YDR125C
Q06011,YLR390W
P39715,YAL059W
P38167,YBL101C
Q05958,YLR228C
Q02710,YPL021W
P32528,YBR208C
P32525,YJL201W
P47144,YJR106W
P33413,YHL016C
P38737,YHL030W
Q06673,YLR436C
P32644,YER176W
Q07648,YDL219W
P38248,YBR078W
P38728,YHL043W
P53079,YGL223C
Q04632,YML071C
P53600,YPL010W
P07255,YDL067C
P32463,YKL192C
P40416,YMR301C
P16474,YJL034W
P22804,YIL004C
Q00955,YNR016C
Q06071,YLR408C
Q06333,YDR357C
Q08965,YPL217C
P39533,YJL200C
P32357,YBL074C
P31787,YGR037C
P40493,YIL096C
P47039,YJL060W
P47129,YJR083C
P11709,YCL029C
P27637,YAR014C
P47182,YJR155W
P32839,YDR375C
P47040,YJL059W
P38772,YHR040W
P38885,YHR199C
P38305,YBR194W
P36122,YKR027W
P36117,YKR021W
P53958,YNL042W
P53838,YNL275W
P40507,YIL079C
P23180,YHL021C
P47015,YJL131C
Q03798,YMR157C
Q08223,YOL053W
P25377,YCR105W
P10869,YER052C
P25376,YCL025C
Q05955,YLR227C
P18238,YBR085W
Q12482,YPR021C
P53730,YNR030W
P07248,YDR216W
Q04728,YMR062C
P16661,YBR110W
P38179,YBL082C
Q04212,YMR041C
P43569,YFL028C
P53894,YNL161W
P53940,YNL077W
P22516,YPL008W
P36000,YKL135C
P36090,YKL047W
Q06632,YDR301W
Q06675,YDR318W
P38832,YHR126C
P39525,YER061C
P38313,YBR211C
P38696,YHR129C
P35183,YBL069W
P39524,YAL026C
Q03862,YDR101C
P54074,YMR119W
P09457,YDR298C
P81451,YOL077W-A
Q03772,YDR163W
P49435,YML022W
Q06408,YDR380W
P0CX79,YLR160C
P32447,YJL115W
P53865,YNL225C
P48361,YGR097W
P50275,YOR058C
Q08685,YOR250C
Q12510,YDL156W
Q12145,YPR013C
Q07897,YLR003C
Q03690,YMR012W
Q06139,YLR346C
P47001,YJL158C
P00890,YNR001C
P08679,YCR005C
P43635,YPR001W
Q06156,YLR272C
P20486,YBR135W
Q05583,YDR267C
P53264,YGR110W
P38779,YHR052W
P48562,YNL298W
Q01649,YMR198W
P40987,YOR349W
P39110,YMR138W
P27895,YEL061C
Q12309,YLR117C
P17891,YGR167W
P35190,YGL215W
P40019,YER030W
P40452,YIL157C
Q3E823,YPL189C-A
P22137,YGL206C
Q3E7B2,YJL062W-A
Q05809,YLR218C
Q12233,YPR020W
P23293,YPR161C
P24871,YLR210W
Q08058,YOL008W
Q3E7A4,YBL059C-A
P18900,YBR003W
Q12389,YDL031W
P38308,YBR203W
P04039,YLR395C
P40086,YER141W
Q08949,YPL194W
P47138,YJR097W
Q06349,YDR370C
P38213,YBR007C
P32469,YLR172C
P14020,YPR183W
P38121,YBL035C
P48015,YDR019C
Q06625,YPR184W
P14742,YKL104C
P14065,YOR120W
P41913,YOR355W
Q04839,YMR255W
P25370,YCL036W
P38301,YBR187W
P53192,YGL020C
P40056,YER083C
P47102,YJR031C
P39993,YEL022W
P39958,YER136W
P33892,YGL195W
P49095,YMR189W
P43535,YFR009W
P15442,YDR283C
P03069,YEL009C
P37020,YJR040W
P41818,YMR311C
Q03330,YGR252W
Q12434,YDL135C
Q06336,YDR358W
P38817,YHR108W
P38988,YDL198C
P07261,YPL075W
Q01722,YNL199C
P39722,YAL048C
Q06104,YPR109W
P35197,YDL226C
Q12315,YDL207W
P40066,YER107C
Q12051,YPL069C
P36143,YKR058W
P47011,YJL137C
P38785,YHR061C
Q06648,YDR309C
P38263,YBR105C
P25569,YCL039W
P40208,YMR135C
P39726,YAL044C
Q02202,YKR004C
P40074,YER119C
P38636,YNL259C
P38110,YBL088C
P13587,YDR040C
Q01896,YDR039C
Q12691,YDR038C
Q12067,YOR079C
P48016,YPR026W
P32907,YNR002C
Q12359,YDR384C
P32450,YFL010W-A
P36107,YKL004W
P34730,YDR099W
Q03630,YML077W
P47134,YJR089W
Q08981,YPL267W
P28240,YER065C
Q12031,YPR006C
P38278,YBR141C
P23542,YLR027C
Q01802,YKL106W
P47177,YJR149W
P39960,YER155C
P32873,YPL115C
P47771,YMR170C
P54115,YPL061W
P21269,YER168C
P53223,YGR036C
Q08269,YOL130W
Q12001,YOR002W
Q03673,YMR003W
P38285,YBR158W
P25649,YCR082W
P38872,YHR185C
Q07732,YDL239C
Q01574,YAL054C
P22136,YMR282C
P53954,YNL048W
P40529,YIL044C
Q03705,YML036W
Q04217,YMR128W
P04387,YML051W
Q04739,YER027C
P36001,YKL132C
P32785,YBL013W
P14284,YPL167C
P0CX08,YEL070W
P40077,YER124C
P40350,YPL227C
P00330,YOL086C
P47127,YJR080C
Q04689,YML050W
P52893,YLR089C
P32789,YBL009W
Q07988,YLR040C
P39925,YER017C
P52910,YLR153C
P38242,YBR070C
Q02804,YPL051W
P53974,YNL020C
P35181,YLR170C
P47064,YJL024C
P28777,YGL148W
P13586,YGL167C
P53244,YGR068C
P16639,YGL017W
P38840,YHR137W
P32449,YBR249C
P35734,YKL052C
P00854,Q0085
P29465,YBR023C
Q01532,YNL239W
P25627,YCR047C
P35176,YDR304C
Q06705,YLR380W
Q12734,YPR030W
P48445,YDL141W
Q05029,YMR237W
P39969,YER114C
P53082,YGL220W
P39724,YAL046C
P40512,YIL071C
P21560,YPL215W
P47179,YJR151C
P08432,YKL184W
P21182,YOL052C
P33322,YLR175W
P38273,YBR131W
P27680,YOL096C
P38865,YHR175W
P38877,YHR191C
P46963,YML112W
P46962,YJL006C
P06634,YOR204W
Q08911,YOR388C
P40515,YIL065C
P40464,YIL134W
P32328,YPR111W
P40989,YGR032W
P36120,YKR024C
P0CH63,YFL061W
P53924,YNL116W
P32451,YGR286C
P41698,YLR353W
P35727,YKL061W
P39713,YAL061W
P29366,YBR200W
P07252,YJL209W
P25616,YCR015C
P54838,YML070W
P43550,YFL053W
Q04895,YIR028W
P15365,YJR152W
P07267,YPL154C
P53615,YNL036W
P38822,YHR114W
Q03048,YLL050C
Q04659,YMR048W
P25559,YCL016C
Q05924,YLR361C
P69851,YDR320C-A
Q99321,YOR163W
Q04792,YMR250W
P40466,YIL131C
Q3E808,YNL130C-A
P32330,YKL121W
P13663,YDR158W
Q08387,YOR005C
P04386,YPL248C
P21623,YDR403W
P54861,YLL001W
P13382,YNL102W
P53978,YNL014W
P32190,YHL032C
P29704,YHR190W
P39727,YAL042W
P62651,YPL096C-A
Q08649,YOR244W
Q06340,YDR363W
P36168,YKR096W
P39875,YOR033C
P39970,YER045C
P40433,YIL107C
P38903,YOR014W
P31383,YAL016W
Q00362,YGL190C
P48582,YPL084W
Q07747,YDL243C
Q08347,YOL164W
Q02895,YPL088W
P39011,YPL161C
Q06150,YLR267W
P60010,YFL039C
P25335,YIR029W
P38928,YIL140W
P38080,YBR059C
P53909,YNL141W
P39010,YDR264C
P38971,YNL270C
Q2V2Q1,YCL058W-A
P03875,Q0050
P03876,Q0055
P40502,YIL087C
P40451,YIL158W
P40563,YIR003W
P32858,YKL037W
P36154,YKR074W
P47140,YJR100C
P38113,YBR145W
Q04894,YMR318C
P38266,YBR108W
P03965,YJR109C
P52892,YDR111C
Q02336,YDR448W
P32794,YLR397C
Q12433,YOR023C
P32323,YNR044W
Q12184,YPL252C
P25613,YCR010C
Q01976,YBR111C
P14540,YKL060C
P43636,YGL065C
P11076,YDL192W
P09440,YBR084W
P22936,YKL114C
P06101,YDR168W
P40353,YOR377W
Q06822,YPR085C
P34233,YKL185W
P38170,YBL097W
P38323,YBR227C
Q3E7A9,YMR194C-B
P14843,YDR035W
P53983,YNL008C
Q05779,YLR201C
P38115,YBR149W
Q12440,YLR127C
Q05791,YLR215C
P38207,YBL019W
P38116,YBR164C
P53854,YNL245C
P29547,YPL048W
P36008,YKL081W
Q04406,YDR512C
Q04409,YDR516C
P02994,YPR080W; YBR118W
P53080,YGL222C
P40023,YER035W
P39998,YEL015W
P32803,YGL200C
P43605,YFR027W
P14741,YKR026C
P32502,YLR291C
Q01519,YLR038C
Q3E828,YJL127C-B
P36075,YKL090W
P53137,YGL110C
P38073,YBR033W
P33412,YGR007W
P25087,YML008C
P53173,YGL054C
P38312,YBR210W
P38604,YHR072W
P27882,YGR029W
P24521,YMR220W
P53337,YGR284C
Q06686,YLR411W
P47977,YLR136C
Q08923,YPL181W
Q03957,YKL139W
P53267,YGR113W
P53121,YGL139W
P38631,YLR342W
P53734,YNR038W
P20448,YJL033W
P39712,YAL063C
Q12015,YOR223W
P53095,YGL196W
P53847,YNL258C
P38844,YHR143W
Q12429,YLR143W
P32775,YEL011W
P22140,YHR123W
Q08641,YOR239W
P46680,YMR092C
P47068,YJL020C
P40047,YER073W
P54783,YML086C
P54114,YMR169C
P25385,YLR078C
Q12365,YPL255W
Q08548,YOR175C
Q99222,YOR129C
P38628,YEL058W
P43567,YFL030W
Q03233,YMR184W
Q04601,YDR118W
P53829,YNL288W
P50077,YGR217W
P24868,YGR108W
P16522,YHR166C
P09798,YKL022C
P11433,YAL041W
Q08032,YLR103C
P40509,YIL076W
P00044,YJR048W
Q12123,YOR173W
P20081,YNL135C
P22204,YGR092W
P53918,YNL125C
P17261,YCR075C
P17214,YLR233C
